version,filename,file_present,db_record,db_name,bucket,action,risk,in_snapshot,source,evidence
20260804000000,20260804000000_canonical_schema_squash_133_migrations.sql,yes,yes,canonical_schema_squash_133_migrations,B0,KEEP,HIGH,yes,agent,20260804000000	20260804000000_canonical_schema_squash_133_migrations.sql	B0	KEEP	HIGH	yes	Canonical baseline fixa (16375
20260804120000,20260804120000_enable_rls_missing_tables.sql,yes,yes,enable_rls_missing_tables (aplicada de facto; delta efetivo ,B3,ARCHIVE,LOW,no,agent,20260804120000	20260804120000_enable_rls_missing_tables.sql	B3	ARCHIVE	LOW	no	10 ENABLE RLS + 2 CREATE POLICY. Policies 
20260804130000,20260804130000_fix_rls_critical_gaps.sql,yes,yes,fix_rls_critical_gaps (C-1 corrigido; delta efetivo em 20260,B2,ARCHIVE,LOW,parcial,agent,20260804130000	20260804130000_fix_rls_critical_gaps.sql	B2	ARCHIVE	LOW	parcial	12 DROP/CREATE POLICY + REVOKE anon. team
20260804140000,20260804140000_fix_rls_delta_corrigido.sql,yes,yes,fix_rls_delta_corrigido,B2,ARCHIVE,LOW,parcial,agent,20260804140000	20260804140000_fix_rls_delta_corrigido.sql	B2	ARCHIVE	LOW	parcial	DROP/CREATE policies team_messages; tal
20260804140100,20260804140100_fix_rls_critical_follow_up.sql,yes,yes,fix_rls_critical_follow_up,B2,ARCHIVE,LOW,yes,agent,20260804140100	20260804140100_fix_rls_critical_follow_up.sql	B2	ARCHIVE	LOW	yes	talkx_recipients_select/insert/update/de
20260804150000,20260804150000_fix_secdef_revoke_extended_schemas.sql,yes,yes,fix_secdef_revoke_extended_schemas (registro manual),B2,ARCHIVE,LOW,parcial,agent,20260804150000	20260804150000_fix_secdef_revoke_extended_schemas.sql	B2	ARCHIVE	LOW	parcial	REVOKE secdef em schemas ext
20260804150001,20260804150001_integration_schema_zapp_fixes.sql,yes,yes,integration_schema_zapp_fixes (registro manual),B2,ARCHIVE,LOW,yes,agent,20260804150001	20260804150001_integration_schema_zapp_fixes.sql	B2	ARCHIVE	LOW	yes	5+ CREATE/REPLACE FUNCTION c/ GRANT. 
20260804160000,20260804160000_fix_rls_policy_gaps_agent2.sql,yes,yes,fix_rls_policy_gaps_agent2 (registro manual),B3,ARCHIVE,LOW,no,agent,20260804160000	20260804160000_fix_rls_policy_gaps_agent2.sql	B3	ARCHIVE	LOW	no	feature_flags_authenticated_select=0; tea
20260804170000,20260804170000_fix_rls_systematic_coverage.sql,yes,yes,fix_rls_systematic_coverage (registro manual),B2,ARCHIVE,LOW,parcial,agent,20260804170000	20260804170000_fix_rls_systematic_coverage.sql	B2	ARCHIVE	LOW	parcial	ENABLE RLS em zapp/evo/bpm tables (
20260804190316,20260804190316_restore_orphaned_rpcs.sql,yes,yes,restore_orphaned_rpcs,B2,ARCHIVE,LOW,yes,agent,20260804190316	20260804190316_restore_orphaned_rpcs.sql	B2	ARCHIVE	LOW	yes	19 CREATE/REPLACE FUNCTION c/ GRANT. fn_edge_
20260804195000,20260804195000_talkx_recipients_write_policies.sql,yes,yes,talkx_recipients_write_policies,B2,ARCHIVE,LOW,yes,agent,20260804195000	20260804195000_talkx_recipients_write_policies.sql	B2	ARCHIVE	LOW	yes	5 DROP/CREATE POLICY em talkx_recip
20260804210100,20260804210100_fix_rls_wave3_gaps_v2.sql,yes,yes,fix_rls_wave3_gaps_v2,B2,ARCHIVE,LOW,yes,agent,20260804210100	20260804210100_fix_rls_wave3_gaps_v2.sql	B2	ARCHIVE	baixo	0	db_record=yes | policies/grants/cron sem obje
20260804210923,20260804210923_restore_edge_idempotency_rpcs.sql,yes,yes,restore_edge_idempotency_rpcs,B2,ARCHIVE,LOW,yes,agent,20260804210923	20260804210923_restore_edge_idempotency_rpcs.sql	B2	ARCHIVE	baixo	8	db_record=yes | 8/8 objetos no snapsh
20260805000000,20260805000000_delta_724_orphaned_objects.sql,yes,yes,delta_724_orphaned_objects,B2,ARCHIVE,LOW,yes,agent,20260805000000	20260805000000_delta_724_orphaned_objects.sql	B2	ARCHIVE	baixo	8	db_record=yes | 8/13 objetos no snapshot
20260805000001,20260805000001_fix_rls_write_policies.sql,yes,yes,fix_rls_write_policies,B2,ARCHIVE,LOW,yes,agent,20260805000001	20260805000001_fix_rls_write_policies.sql	B2	ARCHIVE	baixo	0	db_record=yes | policies/grants/cron sem obj
20260805000008,20260805000008_campanhas_nps_cron.sql,yes,yes,campanhas_nps_cron,B2,ARCHIVE,LOW,yes,agent,20260805000008	20260805000008_campanhas_nps_cron.sql	B2	ARCHIVE	baixo	0	db_record=yes | policies/grants/cron sem objetos
20260805000010,20260805000010_cron_scheduler_admin_rpcs.sql,yes,yes,cron_scheduler_admin_rpcs,B2,ARCHIVE,LOW,yes,agent,20260805000010	20260805000010_cron_scheduler_admin_rpcs.sql	B2	ARCHIVE	baixo	2	db_record=yes | 2/2 objetos no snapshot |
20260805093021,20260805093021_cleanup_deleted_edge_functions.sql,yes,yes,cleanup_deleted_edge_functions,B2,ARCHIVE,LOW,yes,agent,20260805093021	20260805093021_cleanup_deleted_edge_functions.sql	B2	ARCHIVE	baixo	0	db_record=yes | policies/grants/cron
20260805103705,20260805103705_apply_missing_140100_policies.sql,yes,yes,apply_missing_140100_policies,B2,ARCHIVE,LOW,yes,agent,20260805103705	20260805103705_apply_missing_140100_policies.sql	B2	ARCHIVE	baixo	0	db_record=yes | policies/grants/cron 
20260805104043,20260805104043_harden_evo_insert_policies.sql,yes,yes,harden_evo_insert_policies,B2,ARCHIVE,LOW,yes,agent,20260805104043	20260805104043_harden_evo_insert_policies.sql	B2	ARCHIVE	baixo	0	db_record=yes | policies/grants/cron sem
20260805105924,20260805105924_grant_lgpd_auth_rpcs.sql,yes,yes,grant_lgpd_auth_rpcs,B2,ARCHIVE,LOW,yes,agent,20260805105924	20260805105924_grant_lgpd_auth_rpcs.sql	B2	ARCHIVE	baixo	0	db_record=yes | policies/grants/cron sem objet
20260805120000,20260805120000_fix_update_contact_note_rpc.sql,yes,yes,fix_update_contact_note_rpc,B2,ARCHIVE,LOW,yes,agent,20260805120000	20260805120000_fix_update_contact_note_rpc.sql	B2	ARCHIVE	baixo	1	db_record=yes | 1/1 objetos no snapshot
20260805120001,20260805120001_leakproof_privileged_check.sql,yes,yes,leakproof_privileged_check,B2,ARCHIVE,LOW,yes,agent,20260805120001	20260805120001_leakproof_privileged_check.sql	B2	ARCHIVE	low	yes	zapp.current_user_is_privileged() c/ LEA
20260805120407,20260805120407_revoke_auth_edge_rpcs.sql,yes,yes,revoke_auth_edge_rpcs,B2,ARCHIVE,LOW,yes,agent,20260805120407	20260805120407_revoke_auth_edge_rpcs.sql	B2	ARCHIVE	low	yes	REVOKE EXECUTE ON ALL FUNCTIONS zapp FROM ano
20260805120436,20260805120436_guard_admin_bulk_rpcs.sql,yes,yes,guard_admin_bulk_rpcs,B2,ARCHIVE,LOW,yes,agent,20260805120436	20260805120436_guard_admin_bulk_rpcs.sql	B2	ARCHIVE	low	yes	REVOKE EXECUTE em 8 funções bulk/admin/cron d
20260805121000,20260805121000_wave2_perf_security.sql,yes,yes,wave2_perf_security,B2,ARCHIVE,MED,yes,agent,20260805121000	20260805121000_wave2_perf_security.sql	B2	ARCHIVE	medium	yes	Índices event_type + fn_create_monthly_parti
20260805130000,20260805130000_harden_audit_tables_rls.sql,yes,yes,harden_audit_tables_rls,B2,ARCHIVE,LOW,yes,agent,20260805130000	20260805130000_harden_audit_tables_rls.sql	B2	ARCHIVE	low	yes	RLS policies hmac_selftest_audit/instance_a
20260805140000,20260805140000_fix_contact_editing_rpcs.sql,yes,yes,fix_contact_editing_rpcs,B2,ARCHIVE,MED,yes,agent,20260805140000	20260805140000_fix_contact_editing_rpcs.sql	B2	ARCHIVE	medium	yes	Cria/atualiza update_contact_versioned;
20260805150000,20260805150000_fix_null_guard_whatsapp_mode.sql,yes,yes,fix_null_guard_whatsapp_mode,B2,ARCHIVE,LOW,yes,agent,20260805150000	20260805150000_fix_null_guard_whatsapp_mode.sql	B2	ARCHIVE	low	yes	CREATE OR REPLACE rpc_set_whatsapp_mod
20260805152318,,no,yes,,B5a,BACKFILL-FILE,HIGH,,orfao,Vivos no snapshot: FUNCTION:public.rpc_get_contact;FUNCTION:public.rpc_get_contact;FUNCTION:public.rpc_get_contact;FUNCT
20260805152911,,no,yes,,B5a,BACKFILL-FILE,HIGH,,orfao,Vivos no snapshot: FUNCTION:zapp.messages_update_trigger
20260805154132,,no,yes,,B5b,TOMBSTONE,LOW,,orfao,SEM-ARQUIVO-NO-GIT — sem objeto a backfill
20260805160000,20260805160000_harden_rpc_schema_whitelist.sql,yes,yes,harden_rpc_schema_whitelist,B2,ARCHIVE,LOW,yes,agent,20260805160000	20260805160000_harden_rpc_schema_whitelist.sql	B2	ARCHIVE	low	yes	rpc_schema_tables/rpc_schema_columns c/
20260805170000,20260805170000_rpc_contract_inventory.sql,yes,yes,rpc_contract_inventory,B2,ARCHIVE,LOW,yes,agent,20260805170000	20260805170000_rpc_contract_inventory.sql	B2	ARCHIVE	low	yes	zapp.rpc_contract_inventory() — 1 hit no sna
20260805170001,20260805170001_email_attachments_unique_constraint.sql,yes,yes,email_attachments_unique_constraint,B2,ARCHIVE,LOW,yes,agent,20260805170001	20260805170001_email_attachments_unique_constraint.sql	B2	ARCHIVE	low	yes	UNIQUE constraint em email_app.
20260805170002,20260805170002_revoke_anon_contract_inventory.sql,yes,yes,revoke_anon_contract_inventory,B2,ARCHIVE,LOW,yes,agent,20260805170002	20260805170002_revoke_anon_contract_inventory.sql	B2	ARCHIVE	low	yes	REVOKE EXECUTE rpc_contract_inventor
20260805180000,20260805180000_revoke_meme_favorite_2arg_authenticated.sql,yes,yes,revoke_meme_favorite_2arg_authenticated,B3,ARCHIVE,LOW,yes,agent,20260805180000	20260805180000_revoke_meme_favorite_2arg_authenticated.sql	B3	ARCHIVE	low	yes	REVOKE EXECUTE fn_toggle_us
20260805180532,20260805180532_fix_pgrst204_agent_id_evolution_messages.sql,yes,yes,fix_pgrst204_agent_id_evolution_messages,B2,ARCHIVE,LOW,no,agent,20260805180532	20260805180532_fix_pgrst204_agent_id_evolution_messages.sql	B2	ARCHIVE	low	no	DO block — verifica que evo
20260805181000,20260805181000_fix_fn_edge_fn_staleness_check.sql,yes,yes,fix_fn_edge_fn_staleness_check,B2,ARCHIVE,LOW,no,agent,20260805181000	20260805181000_fix_fn_edge_fn_staleness_check.sql	B2	ARCHIVE	low	no	CREATE OR REPLACE ops.fn_edge_fn_stal
20260805183000,20260805183000_grant_health_score_reassign_guarded.sql,yes,yes,grant_health_score_reassign_guarded,B2,ARCHIVE,MED,yes,agent,20260805183000	20260805183000_grant_health_score_reassign_guarded.sql	B2	ARCHIVE	medium	yes	CREATE OR REPLACE reassign_a
20260805190000,20260805190000_create_csat_tables.sql,yes,yes,create_csat_tables,B2,ARCHIVE,LOW,yes,agent,20260805190000	20260805190000_create_csat_tables.sql	B2	ARCHIVE	low	yes	CREATE TABLE csat_auto_config + csat_surveys + í
20260805193000,20260805193000_realtime_email_health_revalidation.sql,yes,yes,realtime_email_health_revalidation,B2,ARCHIVE,LOW,yes,agent,20260805193000	20260805193000_realtime_email_health_revalidation.sql	B2	ARCHIVE	low	yes	ALTER PUBLICATION supabase_realt
20260805213735,,no,yes,,B5b,TOMBSTONE,LOW,,orfao,Criados mas nao vivos: POLICY:service_role_bypass;POLICY:authenticated_select;POLICY:service_role_bypass;POLICY:authenti
20260805213957,,no,yes,,B5b,TOMBSTONE,LOW,,orfao,Operacao de performance — sem objeto a backfill
20260805214019,,no,yes,,B5b,TOMBSTONE,LOW,,orfao,GRANT — efeito ja aplicado; sem objeto a backfill
20260805220000,20260805220000_revive_logpatch_audit_view_trigger.sql,yes,yes,revive_logpatch_audit_view_trigger,B2,ARCHIVE,LOW,yes,agent,20260805220000	20260805220000_revive_logpatch_audit_view_trigger.sql	B2	ARCHIVE	low	yes	CREATE OR REPLACE views public/z
20260806090000,20260806090000_capture_rpc_get_contact_summary_batch.sql,yes,yes,capture_rpc_get_contact_summary_batch,B8,ARCHIVE,MED,yes,agent,20260806090000	20260806090000_capture_rpc_get_contact_summary_batch.sql	B8	CHECK_LINT	medium	yes	Aparece em b8_lint_file
20260806100000,,no,yes,,B5b,TOMBSTONE,LOW,,orfao,Operacao sem criacao de objeto permanente
20260806100001,20260806100001_harden_meme_favorite_2arg_guard.sql,yes,yes,harden_meme_favorite_2arg_guard,B2,ARCHIVE,LOW,yes,agent,20260806100001	20260806100001_harden_meme_favorite_2arg_guard.sql	B2	ARCHIVE	low	yes	CREATE OR REPLACE fn_toggle_user_me
20260806100002,20260806100002_fix_retry_stuck_messages_queued_status.sql,yes,yes,fix_retry_stuck_messages_queued_status,B2,ARCHIVE,MED,yes,agent,20260806100002	20260806100002_fix_retry_stuck_messages_queued_status.sql	B2	ARCHIVE	medium	yes	CREATE OR REPLACE fn_retr
20260806110000,20260806110000_revoke_anon_public_read_audio_messages.sql,yes,yes,revoke_anon_public_read_audio_messages,B2,ARCHIVE,MED,yes,agent,20260806110000	20260806110000_revoke_anon_public_read_audio_messages.sql	B2	ARCHIVE	medium	yes	Storage policies — cria a
20260806120000,20260806120000_db01_enqueue_message_dispatch.sql,yes,yes,db01_enqueue_message_dispatch,B2,ARCHIVE,MED,yes,agent,20260806120000	20260806120000_db01_enqueue_message_dispatch.sql	yes	B2	ARCHIVE	db_record=yes; CREATE OR REPLACE FUNCTION
20260806121000,20260806121000_db02_purge_api_key_logs.sql,yes,yes,db02_purge_api_key_logs,B3,ARCHIVE,MED,yes,agent,20260806121000	20260806121000_db02_purge_api_key_logs.sql	yes	B3	ARCHIVE - superseded	Superseded by 20260806121500_db02b
20260806121500,20260806121500_db02b_fix_return_purge_api_key_logs.sql,yes,yes,db02b_fix_return_purge_api_key_logs,B2,ARCHIVE,MED,yes,agent,20260806121500	20260806121500_db02b_fix_return_purge_api_key_logs.sql	yes	B2	ARCHIVE	db_record=yes; CREATE OR REPLACE FU
20260806122000,20260806122000_db03_register_instance.sql,yes,yes,db03_register_instance,B2,ARCHIVE,MED,yes,agent,20260806122000	20260806122000_db03_register_instance.sql	yes	B2	ARCHIVE	db_record=yes; CREATE OR REPLACE FUNCTION zapp.f
20260806123000,20260806123000_db04_validate_not_valid_checks.sql,yes,yes,db04_validate_not_valid_checks,B2,ARCHIVE,MED,yes,agent,20260806123000	20260806123000_db04_validate_not_valid_checks.sql	yes	B2	ARCHIVE	db_record=yes; 3x ALTER TABLE VALIDATE C
20260806124000,20260806124000_db05_grants_cron_observability.sql,yes,yes,db05_grants_cron_observability,B2,ARCHIVE,MED,yes,agent,20260806124000	20260806124000_db05_grants_cron_observability.sql	yes	B2	ARCHIVE	db_record=yes; GRANT SELECT ON cron.job;
20260806125000,20260806125000_fix_evo_percent_format.sql,yes,yes,fix_evo_percent_format,B2,ARCHIVE,MED,yes,agent,20260806125000	20260806125000_fix_evo_percent_format.sql	yes	B2	ARCHIVE	db_record=yes; CREATE OR REPLACE de evo.fn_detec
20260806125500,20260806125500_db05b_ops_reference_integrity_guardrail.sql,yes,yes,db05b_ops_reference_integrity_guardrail,B3,ARCHIVE,MED,yes,agent,20260806125500	20260806125500_db05b_ops_reference_integrity_guardrail.sql	yes	B3	ARCHIVE - superseded	Superseded by 2026
20260806130000,20260806130000_fix_percent_format_class.sql,yes,yes,fix_percent_format_class,B2,ARCHIVE,MED,yes,agent,20260806130000	20260806130000_fix_percent_format_class.sql	yes	B2	ARCHIVE	db_record=yes; CREATE OR REPLACE ops.fn_auto_u
20260806135729,20260806135729_criar_tabela_exclusoes_ranking.sql,yes,yes,criar_tabela_exclusoes_ranking,B2,ARCHIVE,MED,yes,agent,20260806135729	20260806135729_criar_tabela_exclusoes_ranking.sql	yes	B2	ARCHIVE	db_record=yes; CREATE TABLE IF NOT EXIST
20260806135751,20260806135751_atualizar_ranking_vendas_hoje_com_exclusoes.sql,yes,yes,atualizar_ranking_vendas_hoje_com_exclusoes,B2,ARCHIVE,MED,yes,agent,20260806135751	20260806135751_atualizar_ranking_vendas_hoje_com_exclusoes.sql	yes	B2	ARCHIVE	db_record=yes; CREATE OR RE
20260806140000,20260806140000_f2_34_retention_webhook_logs.sql,yes,yes,f2_34_retention_webhook_logs,B2,ARCHIVE,MED,yes,agent,20260806140000	20260806140000_f2_34_retention_webhook_logs.sql	yes	B2	ARCHIVE	db_record=yes; CREATE OR REPLACE FUNCTION 
20260806141000,20260806141000_f2_31_sync_messages_v2_orderby.sql,yes,yes,f2_31_sync_messages_v2_orderby,B2,ARCHIVE,MED,yes,agent,20260806141000	20260806141000_f2_31_sync_messages_v2_orderby.sql	yes	B2	ARCHIVE	db_record=yes; CREATE OR REPLACE FUNCTIO
20260806150000,20260806150000_db05c_guardrail_comment_aware.sql,yes,yes,db05c_guardrail_comment_aware,B2,ARCHIVE,MED,yes,agent,20260806150000	20260806150000_db05c_guardrail_comment_aware.sql	yes	B2	ARCHIVE	db_record=yes; CREATE OR REPLACE FUNCTION
20260806160000,20260806160000_revoke_anon_public_read_etiquetas_remessa.sql,yes,yes,revoke_anon_public_read_etiquetas_remessa,B2,ARCHIVE,MED,yes,agent,20260806160000	20260806160000_revoke_anon_public_read_etiquetas_remessa.sql	yes	B2	ARCHIVE	db_record=yes; DROP POLICY et
20260806170000,20260806170000_rb2_c1_policies_pii.sql,yes,yes,rb2_c1_policies_pii,B2,ARCHIVE,MED,yes,agent,20260806170000	20260806170000_rb2_c1_policies_pii.sql	yes	B2	ARCHIVE	db_record=yes; 16 DROP+CREATE POLICY em financeiro.
20260806170500,20260806170500_rb2_c4_drop_empty_evo_indexes.sql,yes,yes,rb2_c4_drop_empty_evo_indexes,B2,ARCHIVE,MED,yes,agent,20260806170500	20260806170500_rb2_c4_drop_empty_evo_indexes.sql	yes	B2	ARCHIVE	db_record=yes; 12x DROP INDEX IF EXISTS e
20260806171000,20260806171000_rb2_d1_backups_schema_expiry.sql,yes,yes,rb2_d1_backups_schema_expiry,B2,ARCHIVE,MED,yes,agent,20260806171000	20260806171000_rb2_d1_backups_schema_expiry.sql	yes	B2	ARCHIVE	db_record=yes; CREATE SCHEMA IF NOT EXISTS
20260806171500,20260806171500_rb2_c10_retention_jobs.sql,yes,yes,rb2_c10_retention_jobs,B2,ARCHIVE,MED,yes,agent,20260806171500	20260806171500_rb2_c10_retention_jobs.sql	yes	B2	ARCHIVE	db_record=yes; 3x cron.schedule (purge-webhook-a
20260806172000,20260806172000_rb2_a4_fix_lid_contamination_format.sql,yes,yes,rb2_a4_fix_lid_contamination_format,B2,ARCHIVE,MED,yes,agent,20260806172000	20260806172000_rb2_a4_fix_lid_contamination_format.sql	yes	B2	ARCHIVE	db_record=yes; CREATE OR REPLACE FU
20260806172500,20260806172500_rb2_c5_c6_audit_index_autovacuum.sql,yes,yes,rb2_c5_c6_audit_index_autovacuum,B2,ARCHIVE,MED,yes,agent,20260806172500	20260806172500_rb2_c5_c6_audit_index_autovacuum.sql	yes	B2	ARCHIVE	db_record=yes; DROP INDEX IF EXISTS id
20260806173000,20260806173000_rb2_a4b_verify_alert_delivery_sync_skip_locked.sql,yes,yes,rb2_a4b_verify_alert_delivery_sync_skip_locked,B2,ARCHIVE,MED,yes,agent,20260806173000	20260806173000_rb2_a4b_verify_alert_delivery_sync_skip_locked.sql	yes	B2	ARCHIVE	db_record=yes; CREATE OR
20260806173001,20260806173001_rb2_a8_logpatch_patch_mode.sql,yes,yes,rb2_a8_logpatch_patch_mode,B2,ARCHIVE,MED,yes,agent,20260806173001	20260806173001_rb2_a8_logpatch_patch_mode.sql	yes	evo.evolution_logpatch_audit; evo.v_logpatch_health	0	B
20260806173500,20260806173500_rb2_a4c_stagger_verify_alert_delivery_cron.sql,yes,yes,rb2_a4c_stagger_verify_alert_delivery_cron,B2,ARCHIVE,MED,yes,agent,20260806173500	20260806173500_rb2_a4c_stagger_verify_alert_delivery_cron.sql	yes	verify-alert-delivery-10min	0	B2	ARCHIV
20260806180000,20260806180000_fix_wa_rpc_execute_grants.sql,yes,yes,fix_wa_rpc_execute_grants,B2,ARCHIVE,MED,yes,agent,20260806180000	20260806180000_fix_wa_rpc_execute_grants.sql	yes	zapp.get_connection_instance; zapp.rpc_instance_stats; z
20260806180001,20260806180001_fix_v_logpatch_health_security_invoker.sql,yes,yes,fix_v_logpatch_health_security_invoker,B2,ARCHIVE,MED,yes,agent,20260806180001	20260806180001_fix_v_logpatch_health_security_invoker.sql	yes	evo.v_logpatch_health	0	B2	ARCHIVE
20260806182000,,no,yes,,B5a,BACKFILL-FILE,HIGH,,orfao,Vivos no snapshot: TYPE:zapp.warroom_alert_type;VIEW:public.warroom_alerts | Mortos: TABLE_BACKUP:zapp._warroom_alerts_b
20260806185000,20260806185000_rb2_onda3_views_drops.sql,yes,yes,rb2_onda3_views_drops,B2,ARCHIVE,MED,yes,agent,20260806185000	20260806185000_rb2_onda3_views_drops.sql	yes	evo.evolution_sentiment_alerts; evo.v_health_unified; zapp.e
20260806185500,20260806185500_rb2_d9_kpi_overview.sql,yes,yes,rb2_d9_kpi_overview,B2,ARCHIVE,MED,yes,agent,20260806185500	20260806185500_rb2_d9_kpi_overview.sql	yes	evo.v_kpi_overview	0	B2	ARCHIVE
20260806190000,20260806190000_bugfix_fn_verify_alert_delivery_v6.sql,yes,yes,bugfix_fn_verify_alert_delivery_v6,B2,ARCHIVE,MED,yes,agent,20260806190000	20260806190000_bugfix_fn_verify_alert_delivery_v6.sql	yes	ops.fn_verify_alert_delivery	0	B2	ARCHIVE
20260806190500,20260806190500_rb2_glitchtip_cleanup.sql,yes,yes,rb2_glitchtip_cleanup,B2,ARCHIVE,MED,yes,agent,20260806190500	20260806190500_rb2_glitchtip_cleanup.sql	yes	fn_get_401_payload; evo-401-feed	0	B2	ARCHIVE
20260806191000,20260806191000_bugfix_retention_naming_and_stale_expiry.sql,yes,yes,bugfix_retention_naming_and_stale_expiry,B2,ARCHIVE,MED,yes,agent,20260806191000	20260806191000_bugfix_retention_naming_and_stale_expiry.sql	yes	purge-webhook-audit-log-30d; idx_backup_m
20260806192000,20260806192000_bugfix_evolution_logpatch_audit_security_invoker.sql,yes,yes,bugfix_evolution_logpatch_audit_security_invoker,B2,ARCHIVE,MED,yes,agent,20260806192000	20260806192000_bugfix_evolution_logpatch_audit_security_invoker.sql	yes	idempotente; public.evolution_log
20260806193000,20260806193000_whatsapp_media_bucket_public.sql,yes,yes,whatsapp_media_bucket_public,B2,ARCHIVE,MED,yes,agent,20260806193000	20260806193000_whatsapp_media_bucket_public.sql	yes	auth_write_whatsapp_media; trg_guard_media_buckets_pu
20260806194000,20260806194000_audio_memes_bucket_public.sql,yes,yes,audio_memes_bucket_public,B2,ARCHIVE,MED,yes,agent,20260806194000	20260806194000_audio_memes_bucket_public.sql	yes	auth_write_audio_memes; public_read_audio_memes	0	B2	ARC
20260806195000,20260806195000_guard_media_buckets_public.sql,yes,yes,guard_media_buckets_public,B2,ARCHIVE,MED,yes,agent,20260806195000	20260806195000_guard_media_buckets_public.sql	yes	storage.fn_guard_media_buckets_public; trg_guard_media_
20260806200000,20260806200000_fix_grant_toggle_meme_favorite_2arg.sql,yes,yes,fix_grant_toggle_meme_favorite_2arg,B2,ARCHIVE,MED,yes,agent,20260806200000	20260806200000_fix_grant_toggle_meme_favorite_2arg.sql	yes	zapp.fn_toggle_user_meme_favorite	1	B2	ARCHIVE
20260806200001,20260806200001_bugfix_fn_verify_alert_delivery_v7.sql,yes,yes,bugfix_fn_verify_alert_delivery_v7,B2,ARCHIVE,MED,yes,agent,20260806200001	20260806200001_bugfix_fn_verify_alert_delivery_v7.sql	yes	ops.fn_verify_alert_delivery	0	B2	ARCHIVE
20260806200002,20260806200002_revoke_store_reset_token_from_authenticated.sql,yes,yes,revoke_store_reset_token_from_authenticated,B2,ARCHIVE,MED,yes,agent,20260806200002	20260806200002_revoke_store_reset_token_from_authenticated.sql	yes	zapp.store_reset_token	1	B2	ARCHIVE
20260806200100,20260806200100_fix_meme_favorite_race_condition_and_revoke_public.sql,yes,yes,fix_meme_favorite_race_condition_and_revoke_public,B2,ARCHIVE,MED,yes,agent,20260806200100	20260806200100_fix_meme_favorite_race_condition_and_revoke_public.sql	yes	uq_audio_meme_favorites_user_me
20260806203227,20260806203227_audit_fix_helper_guarda_app_user.sql,yes,yes,migration_20260806203227,B2,ARCHIVE,MED,yes,agent,20260806203227	20260806203227_audit_fix_helper_guarda_app_user.sql	yes	zapp.fn_require_app_user	2	B2	ARCHIVE
20260806203257,20260806203257_audit_fix_p0_guards_list_messages_global_search.sql,yes,yes,migration_20260806203257,B3,ARCHIVE,MED,yes,agent,20260806203257	20260806203257_audit_fix_p0_guards_list_messages_global_search.sql	yes	(GRANTs/REVOKEs only)	0	B3	ARCHIVE
20260806203333,20260806203333_audit_fix_guardas_rpc_grupo_p0.sql,yes,yes,migration_20260806203333,B2,ARCHIVE,MED,yes,agent,20260806203333	20260806203333_audit_fix_guardas_rpc_grupo_p0.sql	yes	(GRANTs/REVOKEs only)	0	B2	ARCHIVE
20260806203637,20260806203637_audit_fix_guardas_rpc_grupo_p0.sql,yes,yes,migration_20260806203637,B2,ARCHIVE,MED,yes,agent,20260806203637	20260806203637_audit_fix_guardas_rpc_grupo_p0.sql	yes	(GRANTs/REVOKEs only)	0	B7	RENAME/MERGE
20260806203714,20260806203714_audit_fix_guardas_rpc_grupo_p0.sql,yes,yes,migration_20260806203714,B2,ARCHIVE,MED,yes,agent,20260806203714	20260806203714_audit_fix_guardas_rpc_grupo_p0.sql	yes	(GRANTs/REVOKEs only)	0	B7	RENAME/MERGE
20260806204039,20260806204039_audit_fix_guardas_rpc_grupo_p0.sql,yes,yes,migration_20260806204039,B2,ARCHIVE,MED,no,agent,20260806204039	20260806204039_audit_fix_guardas_rpc_grupo_p0.sql	B2	Arquivo+db_record+1/1 refs no snapshot - ARCHIVE	yes
20260806204144,20260806204144_audit_fix_guardas_rpc_grupo_p0.sql,yes,yes,migration_20260806204144,B2,ARCHIVE,MED,no,agent,20260806204144	20260806204144_audit_fix_guardas_rpc_grupo_p0.sql	B2	Arquivo+db_record+1/1 refs no snapshot - ARCHIVE	yes
20260806204214,20260806204214_audit_fix_guardas_rpc_grupo_p0.sql,yes,yes,migration_20260806204214,B2,ARCHIVE,MED,no,agent,20260806204214	20260806204214_audit_fix_guardas_rpc_grupo_p0.sql	B2	Arquivo+db_record+1/1 refs no snapshot - ARCHIVE	yes
20260806204327,20260806204327_audit_fix_guardas_rpc_grupo_p0.sql,yes,yes,migration_20260806204327,B2,ARCHIVE,MED,no,agent,20260806204327	20260806204327_audit_fix_guardas_rpc_grupo_p0.sql	B2	Arquivo+db_record+1/1 refs no snapshot - ARCHIVE	yes
20260806204354,20260806204354_audit_fix_insert_message_overload2_delete_contact.sql,yes,yes,migration_20260806204354,B2,ARCHIVE,MED,no,agent,20260806204354	20260806204354_audit_fix_insert_message_overload2_delete_contact.sql	B2	Arquivo+db_record+3/3 refs no sna
20260806204413,20260806204413_audit_fix_policies_p1.sql,yes,yes,migration_20260806204413,B2,ARCHIVE,MED,no,agent,20260806204413	20260806204413_audit_fix_policies_p1.sql	B2	Arquivo+db_record+1/1 refs no snapshot - ARCHIVE	yes	migratio
20260806204441,20260806204441_audit_fix_secdef_search_path.sql,yes,yes,migration_20260806204441,B2,ARCHIVE,MED,no,agent,20260806204441	20260806204441_audit_fix_secdef_search_path.sql	B2	Arquivo+db_record+20/23 refs no snapshot - ARCHIVE	yes
20260806204504,20260806204504_audit_fix_orph_refs_v2.sql,yes,yes,migration_20260806204504,B2,ARCHIVE,MED,no,agent,20260806204504	20260806204504_audit_fix_orph_refs_v2.sql	B2	Arquivo+db_record+5/6 refs no snapshot - ARCHIVE	yes	migrati
20260806204525,20260806204525_audit_fix_funcoes_lgpd.sql,yes,yes,migration_20260806204525,B2,ARCHIVE,MED,no,agent,20260806204525	20260806204525_audit_fix_funcoes_lgpd.sql	B2	Arquivo+db_record+6/6 refs no snapshot - ARCHIVE	yes	migrati
20260806204540,20260806204540_audit_fix_realtime_views_ops_public.sql,yes,yes,migration_20260806204540,B2,ARCHIVE,MED,no,agent,20260806204540	20260806204540_audit_fix_realtime_views_ops_public.sql	B2	Arquivo+db_record+1/2 refs no snapshot - ARCHIV
20260806204705,20260806204705_audit_fix_secdef_search_path_final.sql,yes,yes,migration_20260806204705,B2,ARCHIVE,MED,no,agent,20260806204705	20260806204705_audit_fix_secdef_search_path_final.sql	B2	Arquivo+db_record+2/2 refs no snapshot - ARCHIVE
20260806210200,20260806210200_f12_linkage_realtime_view.sql,yes,yes,f12_linkage_realtime_view,B2,ARCHIVE,MED,yes,agent,20260806210200	20260806210200_f12_linkage_realtime_view.sql	B2	Arquivo+db_record (ddl sem CREATE/hits - DO/ALTER/GRANT) 
20260806221332,,no,yes,,B5a,BACKFILL-FILE,HIGH,,orfao,Vivos no snapshot: VIEW:zapp.whatsapp_connections;POLICY:evo_creds_service_role_only | Mortos: TABLE_BACKUP:archive.mess
20260806221333,,no,yes,,B5a,BACKFILL-FILE,HIGH,,orfao,Vivos no snapshot: VIEW:zapp.whatsapp_connections;POLICY:evo_creds_service_role_only | Mortos: TABLE_BACKUP:archive.mess
20260806221335,,no,yes,,B5b,TOMBSTONE,LOW,,orfao,SEM-ARQUIVO-NO-GIT — sem objeto a backfill
20260806221500,,no,yes,,B5b,TOMBSTONE,LOW,,orfao,Fix sem arquivo no git — efeito ja aplicado
20260806221825,,no,yes,,B5b,TOMBSTONE,LOW,,orfao,SEM-ARQUIVO-NO-GIT — sem objeto a backfill
20260806221835,,no,yes,,B5b,TOMBSTONE,LOW,,orfao,SEM-ARQUIVO-NO-GIT — sem objeto a backfill
20260806222114,,no,yes,,B5b,TOMBSTONE,LOW,,orfao,SEM-ARQUIVO-NO-GIT — sem objeto a backfill
20260806222209,,no,yes,,B5b,TOMBSTONE,LOW,,orfao,SEM-ARQUIVO-NO-GIT — sem objeto a backfill
20260806222211,,no,yes,,B5b,TOMBSTONE,LOW,,orfao,SEM-ARQUIVO-NO-GIT — sem objeto a backfill
20260806222402,,no,yes,,B5b,TOMBSTONE,LOW,,orfao,Nome generico de ferramenta externa — sem objeto a backfill
20260806235401,,no,yes,,B5b,TOMBSTONE,LOW,,orfao,SEM-ARQUIVO-NO-GIT — sem objeto a backfill
20260806300000,20260806300000_fix_idor_toggle_meme_favorite.sql,yes,yes,fix_idor_toggle_meme_favorite,B3,ARCHIVE,MED,yes,agent,20260806300000	20260806300000_fix_idor_toggle_meme_favorite.sql	B3	Superseded: objetos recriados em zapp.fn_toggle_user_
20260806400000,20260806400000_fix_retry_auto_fail_max_retry.sql,yes,yes,fix_retry_auto_fail_max_retry,B2,ARCHIVE,MED,no,agent,20260806400000	20260806400000_fix_retry_auto_fail_max_retry.sql	B2	Arquivo+db_record+1/1 objetos CRIADOS no snapshot - A
20260806500000,20260806500000_fix_cosmetic_gaps_p3.sql,yes,yes,fix_cosmetic_gaps_p3,B2,ARCHIVE,MED,yes,agent,20260806500000	20260806500000_fix_cosmetic_gaps_p3.sql	B2	Arquivo+db_record (sem DDL executável - documental) - ARCHIVE	
20260806600000,20260806600000_fix_sticker_idor_p1.sql,yes,yes,fix_sticker_idor_p1,B2,ARCHIVE,MED,no,agent,20260806600000	20260806600000_fix_sticker_idor_p1.sql	B2	Arquivo+db_record+1/1 objetos CRIADOS no snapshot - ARCHIVE	yes
20260806700000,20260806700000_fix_g1_searchpath_gaps.sql,yes,yes,fix_g1_searchpath_gaps,B2,ARCHIVE,MED,yes,agent,20260806700000	20260806700000_fix_g1_searchpath_gaps.sql	B2	Arquivo+db_record (ddl sem CREATE/hits - DO/ALTER/GRANT) - A
20260806800000,20260806800000_fix_g1b_meme_favorite_searchpath.sql,yes,yes,fix_g1b_meme_favorite_searchpath,B3,ARCHIVE,MED,yes,agent,20260806800000	20260806800000_fix_g1b_meme_favorite_searchpath.sql	B3	Superseded: objetos recriados em zapp.fn_toggle_us
20260806800001,20260806800001_fix_g1_meme_favorite_searchpath.sql,yes,yes,fix_g1_meme_favorite_searchpath,B2,ARCHIVE,MED,no,agent,20260806800001	20260806800001_fix_g1_meme_favorite_searchpath.sql	B2	Arquivo+db_record+2/2 refs no snapshot - ARCHIVE	ye
20260806800002,20260806800002_seed_evo_instance_credentials_wpp2.sql,yes,yes,seed_evo_instance_credentials_wpp2,B2,ARCHIVE,MED,no,agent,20260806800002	20260806800002_seed_evo_instance_credentials_wpp2.sql	B2	Arquivo+db_record+1/1 refs no snapshot - ARCHIVE
20260806850000,20260806850000_realtime_presence_connections.sql,yes,yes,realtime_presence_connections,B2,ARCHIVE,MED,no,agent,20260806850000	20260806850000_realtime_presence_connections.sql	B2	Arquivo+db_record+3/3 refs no snapshot - ARCHIVE	yes	
20260806900000,20260806900000_fix_rls_sticker_favorites.sql,yes,yes,fix_rls_sticker_favorites,B2,ARCHIVE,MED,no,agent,20260806900000	20260806900000_fix_rls_sticker_favorites.sql	B2	Arquivo+db_record+1/1 objetos CRIADOS no snapshot - ARCHI
20260806950000,20260806950000_fix_sec2_sec3_sec4_guards.sql,yes,yes,fix_sec2_sec3_sec4_guards,B2,ARCHIVE,MED,yes,agent,20260806950000	B2	yes	55	zapp.get_visible_agent_ids;zapp.has_role;zapp.user_has_permission;REVOKE_EXECUTE_4	CREATE OR RE
20260806960000,20260806960000_fix_cotacoes_schema_ref.sql,yes,yes,fix_cotacoes_schema_ref,B2,ARCHIVE,MED,yes,agent,20260806960000	B2	yes	4	zapp.apagar_nota_fiscal;financeiro.apagar_nota_fiscal;zapp.fn_vacuum_critical_tables	CREATE OR R
20260806970000,20260806970000_fix_duplicate_rls_policies.sql,yes,yes,fix_duplicate_rls_policies,B2,ARCHIVE,MED,yes,agent,20260806970000	B2	yes	0	DROP POLICY 6x;CREATE POLICY 1x;COMMENT 3x	DROP de RLS duplicadas + CREATE corrigido; policies r
20260806970001,20260806970001_explicit_rls_audio_meme_favorites.sql,yes,yes,explicit_rls_audio_meme_favorites,B2,ARCHIVE,MED,yes,agent,20260806970001	B2	yes	0	ALTER TABLE ENABLE RLS;CREATE POLICY;COMMENT	Hardening RLS audio_meme_favorites; policy explícit
20260806980000,20260806980000_fix_fn_toggle_meme_favorite_table_and_guard.sql,yes,yes,fix_fn_toggle_meme_favorite_table_and_guard,B2,ARCHIVE,MED,yes,agent,20260806980000	B2	yes	3	zapp.fn_toggle_user_meme_favorite(uuid;uuid)	CREATE OR REPLACE função com tabela e guard IDOR co
20260806990000,20260806990000_rb2_desfasar_evo_401_feed.sql,yes,yes,rb2_desfasar_evo_401_feed,B2,ARCHIVE,MED,yes,agent,20260806990000	B2	yes	0	cron.schedule evo-401-feed	Reschedule cron evo-401-feed para evitar colisão; db_record confirmad
20260806990001,20260806990001_rb2_versionar_wrapper_http_post.sql,yes,yes,rb2_versionar_wrapper_http_post,B2,ARCHIVE,MED,yes,agent,20260806990001	B2	yes	1	extensions.http_post	CREATE OR REPLACE wrapper http_post; objeto no snapshot
20260806991000,20260806991000_drop_duplicate_indexes_evolution_messages.sql,yes,yes,drop_duplicate_indexes_evolution_messages,B4,DELETE,MED,yes,agent,20260806991000	B4	yes	0	DROP INDEX 50+	TOMBSTONE: drop de índices duplicados; objetos não recriados
20260806992000,20260806992000_drop_unused_tsvector_indexes.sql,yes,yes,drop_unused_tsvector_indexes,B4,DELETE,MED,yes,agent,20260806992000	B4	yes	0	DROP INDEX 17	TOMBSTONE: drop de índices tsvector não usados; objetos não recriados
20260806993000,20260806993000_drop_model_pricing_v1_orphan.sql,yes,yes,drop_model_pricing_v1_orphan,B4,DELETE,MED,yes,agent,20260806993000	B4	yes	0	DROP TABLE 4;DROP SEQUENCE 3;DROP VIEW 1	TOMBSTONE: drop model_pricing_v1 órfão; objetos não rec
20260806994000,20260806994000_drop_pgmq_extension.sql,yes,yes,drop_pgmq_extension,B4,DELETE,MED,yes,agent,20260806994000	B4	yes	0	DROP EXTENSION pgmq	TOMBSTONE: drop extensão pgmq nunca usada; objeto não recriado
20260806995001,20260806995001_autovacuum_bootstrap_log.sql,yes,yes,autovacuum_bootstrap_log,B2,ARCHIVE,MED,yes,agent,20260806995001	B2	yes	1	evo.evolution_bootstrap_log;idx_ebl_instance_created;GRANT;cron;ALTER TABLE	CREATE TABLE bootstr
20260806995003,20260806995003_autovacuum_disk_actions_queue.sql,yes,yes,autovacuum_disk_actions_queue,B2,ARCHIVE,MED,yes,agent,20260806995003	B2	yes	0	ops.disk_actions_queue;idx_daq_pending;uq_disk_actions_pending;GRANT;cron;ALTER TABLE	CREATE TAB
20260806995005,20260806995005_autovacuum_paused_services.sql,yes,yes,autovacuum_paused_services,B2,ARCHIVE,MED,yes,agent,20260806995005	B2	yes	0	ops.paused_services;GRANT;ALTER TABLE	CREATE TABLE serviços pausados + autovacuum; ops schema nã
20260806995006,20260806995006_autovacuum_alert_cooldown.sql,yes,yes,autovacuum_alert_cooldown,B2,ARCHIVE,MED,yes,agent,20260806995006	B2	yes	0	ops.alert_cooldown;GRANT;ALTER TABLE	CREATE TABLE cooldown alertas + autovacuum; ops schema não 
20260806995007,20260806995007_autovacuum_docker_prune_log.sql,yes,yes,autovacuum_docker_prune_log,B2,ARCHIVE,MED,yes,agent,20260806995007	B2	yes	0	ops.docker_prune_log_id_seq;ops.docker_prune_log;GRANT;cron;ALTER TABLE	CREATE TABLE docker prun
20260806995008,20260806995008_autovacuum_disk_orphans.sql,yes,yes,autovacuum_disk_orphans,B2,ARCHIVE,MED,yes,agent,20260806995008	B2	yes	0	ops.disk_orphans;GRANT;ALTER TABLE	CREATE TABLE catálogo volumes órfãos + autovacuum; ops schema
20260807000001,20260807000001_drop_orphan_public_views_33.sql,yes,yes,drop_orphan_public_views_33,B4,DELETE,MED,yes,agent,20260807000001	B4	yes	0	DROP VIEW 33	TOMBSTONE: drop 33 views órfãs public.*; objetos não recriados
20260807083000,20260807083000_rpc_get_reactions_batch.sql,yes,yes,rpc_get_reactions_batch_versionada,B2,ARCHIVE,MED,yes,agent,20260807083000	B2	yes	1	zapp.rpc_get_reactions_batch(uuid[])	CREATE OR REPLACE RPC para reações batch; objeto no snapsho
20260807084000,20260807084000_rpc_get_reactions_batch_grants.sql,yes,yes,rpc_get_reactions_batch_grants,B2,ARCHIVE,MED,yes,agent,20260807084000	B2	yes	0	REVOKE/GRANT zapp.rpc_get_reactions_batch	REVOKE PUBLIC + GRANT authenticated/service_role; gran
20260807090000,20260807090000_item86_health_score_ttl30.sql,yes,yes,item86_health_score_ttl30,B2,ARCHIVE,MED,yes,agent,20260807090000	B2	yes	25	zapp.fn_health_score_cache;zapp.fn_health_score_history;2xSEQUENCE;4xCRON;GRANT	CREATE TABLE ca
20260807091000,20260807091000_grant_execute_frontend_rpcs.sql,yes,yes,grant_execute_frontend_rpcs_89_functions,B2,ARCHIVE,MED,yes,agent,20260807091000	B2	yes	0	DO GRANT EXECUTE 89 rpc_* TO authenticated	GRANT em lote de 89 RPCs frontend; grants refletidos 
20260807091100,20260807091100_item85_evo401_feed_conn_history.sql,yes,yes,item85_evo401_feed_conn_history,B2,ARCHIVE,MED,yes,agent,1	20260807091100_item85_evo401_feed_conn_history.sql	20260807091100	B2	arquivo+db_record (grants/crons; sem footprint sn
20260807092000,20260807092000_item84_warroom_critical_mirror.sql,yes,yes,item84_warroom_critical_mirror,B2,ARCHIVE,MED,yes,agent,2	20260807092000_item84_warroom_critical_mirror.sql	20260807092000	B2	arquivo+db_record+snapshot_hits(27)	CREATE:4 cron:
20260807093000,20260807093000_item89_disk_baseline_collector_guard.sql,yes,yes,item89_disk_baseline_collector_guard,B2,ARCHIVE,MED,yes,agent,3	20260807093000_item89_disk_baseline_collector_guard.sql	20260807093000	B2	arquivo+db_record+snapshot_hits(1)	CREATE:4 
20260807094000,20260807094000_item143_restore_partition_baseline_dynamic.sql,yes,yes,item143_restore_partition_baseline_dynamic,B2,ARCHIVE,MED,yes,agent,4	20260807094000_item143_restore_partition_baseline_dynamic.sql	20260807094000	B2	arquivo+db_record (grants/crons; sem f
20260807095000,20260807095000_item90_logflare_retention_7d.sql,yes,yes,item90_logflare_retention_7d,B2,ARCHIVE,MED,yes,agent,5	20260807095000_item90_logflare_retention_7d.sql	20260807095000	B2	arquivo+db_record (grants/crons; sem footprint snaps
20260807100000,20260807100000_item84_fix_mirror_resolved_generated.sql,yes,yes,item84_fix_mirror_resolved_generated,B2,ARCHIVE,MED,yes,agent,6	20260807100000_item84_fix_mirror_resolved_generated.sql	20260807100000	B2	arquivo+db_record (grants/crons; sem footpri
20260807101000,20260807101000_item85_sentinel_stale_race_fix.sql,yes,yes,item85_sentinel_stale_race_fix,B2,ARCHIVE,MED,yes,agent,7	20260807101000_item85_sentinel_stale_race_fix.sql	20260807101000	B2	arquivo+db_record (grants/crons; sem footprint sna
20260807102155,20260807102155_onda3_d2_negocio_triggers_evo_contrato_views_rpc.sql,yes,yes,onda3_d2_negocio_triggers_evo_contrato_views_rpc,B2,ARCHIVE,MED,yes,agent,8	20260807102155_onda3_d2_negocio_triggers_evo_contrato_views_rpc.sql	20260807102155	B2	arquivo+db_record (grants/crons;
20260807103602,20260807103602_fix_policies_p2_residuais.sql,yes,yes,migration_20260807103602,B2,ARCHIVE,MED,no,agent,9	20260807103602_fix_policies_p2_residuais.sql	20260807103602	B2	arquivo+db_record (grants/crons; sem footprint snapshot
20260807110000,20260807110000_ag_ex19_watchdogs_kpi.sql,yes,yes,ag_ex19_watchdogs_kpi,B2,ARCHIVE,MED,yes,agent,10	20260807110000_ag_ex19_watchdogs_kpi.sql	20260807110000	B2	arquivo+db_record+snapshot_hits(8)	CREATE:1 cron:1	yes	ag_
20260807110001,20260807110001_ag_ex19_v2_cron_and_inventory.sql,yes,yes,ag_ex19_v2_cron_and_inventory,B2,ARCHIVE,MED,no,agent,11	20260807110001_ag_ex19_v2_cron_and_inventory.sql	20260807110001	B2	arquivo+db_record (grants/crons; sem footprint sna
20260807110002,20260807110002_ag_ex19_kpi_episodio.sql,yes,yes,ag_ex19_kpi_episodio,B2,ARCHIVE,MED,yes,agent,12	20260807110002_ag_ex19_kpi_episodio.sql	20260807110002	B2	arquivo+db_record (grants/crons; sem footprint snapshot)	CR
20260807110003,20260807110003_ag_ex19_kpi_resolved_generated_fix.sql,yes,yes,ag_ex19_kpi_resolved_generated_fix,B2,ARCHIVE,MED,yes,agent,13	20260807110003_ag_ex19_kpi_resolved_generated_fix.sql	20260807110003	B2	arquivo+db_record+snapshot_hits(2)	CREATE:1 G
20260807110457,20260807110457_fix_validacao_f6_f3_f2.sql,yes,yes,migration_20260807110457,B2,ARCHIVE,MED,no,agent,14	20260807110457_fix_validacao_f6_f3_f2.sql	20260807110457	B2	arquivo+db_record (grants/crons; sem footprint snapshot)	
20260807120000,20260807120000_revoke_anon_execute_six_functions.sql,yes,yes,revoke_anon_execute_six_functions,B2,ARCHIVE,MED,yes,agent,15	20260807120000_revoke_anon_execute_six_functions.sql	20260807120000	B2	arquivo+db_record+snapshot_hits(5)	GRANT/REVOK
20260807120100,20260807120100_vald_email_revalidation_jobs_create.sql,yes,yes,vald_email_revalidation_jobs_create,B2,ARCHIVE,MED,yes,agent,16	20260807120100_vald_email_revalidation_jobs_create.sql	20260807120100	B2	arquivo+db_record+snapshot_hits(13)	CREATE:4
20260807120325,20260807120325_consolidate_rpc_insert_message.sql,yes,yes,consolidate_rpc_insert_message,B2,ARCHIVE,MED,yes,agent,17	20260807120325_consolidate_rpc_insert_message.sql	20260807120325	B2	arquivo+db_record+snapshot_hits(1)	CREATE:1 DROP:
20260807130000,20260807130000_revoke_anon_execute_fn_require_app_user.sql,yes,yes,revoke_anon_execute_fn_require_app_user,B2,ARCHIVE,MED,yes,agent,18	20260807130000_revoke_anon_execute_fn_require_app_user.sql	20260807130000	B2	arquivo+db_record+snapshot_hits(55)	GRAN
20260807140000,20260807140000_create_rpc_e2e_cleanup.sql,yes,yes,create_rpc_e2e_cleanup,B2,ARCHIVE,MED,yes,agent,19	20260807140000_create_rpc_e2e_cleanup.sql	20260807140000	B2	arquivo+db_record+snapshot_hits(1)	CREATE:1 DROP:1 GRANT/
20260807145000,20260807145000_ag04_arq11_searchpath_outliers.sql,yes,yes,ag04_arq11_searchpath_outliers,B2,ARCHIVE,MED,no,agent,20	20260807145000_ag04_arq11_searchpath_outliers.sql	20260807145000	B2	arquivo+db_record (grants/crons; sem footprint sn
20260807145100,20260807145100_ag04_arq11_searchpath_zapp_rpc_schema.sql,yes,yes,ag04_arq11_searchpath_zapp_rpc_schema,B2,ARCHIVE,MED,no,agent,21	20260807145100_ag04_arq11_searchpath_zapp_rpc_schema.sql	20260807145100	B2	arquivo+db_record (grants/crons; sem footp
20260807150000,20260807150000_e2e_rpc_seed_and_validate.sql,yes,yes,e2e_rpc_seed_and_validate,B2,ARCHIVE,MED,yes,agent,22	20260807150000_e2e_rpc_seed_and_validate.sql	20260807150000	B2	arquivo+db_record+snapshot_hits(2)	CREATE:2 DROP:2 GRA
20260807160000,20260807160000_vald2_fn_drop_logflare_slot_mirror.sql,yes,yes,fix_ops_analytics_log_retention_dblink_ref,B2,ARCHIVE,MED,yes,agent,1	20260807160000	20260807160000_vald2_fn_drop_logflare_slot_mirror.sql	B2	db_record=yes; zapp.fn_drop_logflare_slot() ex
20260807160001,20260807160001_ag01_onda2_move_amcheck_to_extensions.sql,yes,yes,ag01_onda2_move_amcheck_to_extensions,B2,ARCHIVE,MED,yes,agent,2	20260807160001	20260807160001_ag01_onda2_move_amcheck_to_extensions.sql	B2	db_record=yes; ALTER EXTENSION amcheck SET 
20260807160002,20260807160002_ag01_onda2_move_hypopg_to_extensions.sql,yes,yes,ag01_onda2_move_hypopg_to_extensions,B2,ARCHIVE,MED,yes,agent,3	20260807160002	20260807160002_ag01_onda2_move_hypopg_to_extensions.sql	B2	db_record=yes; ALTER EXTENSION hypopg SET SC
20260807160003,20260807160003_ag01_onda2_move_index_advisor_to_extensions.sql,yes,yes,ag01_onda2_move_index_advisor_to_extensions,B2,ARCHIVE,MED,yes,agent,4	20260807160003	20260807160003_ag01_onda2_move_index_advisor_to_extensions.sql	B2	db_record=yes; ALTER EXTENSION index_
20260807160004,20260807160004_ag01_onda2_move_pg_buffercache_to_extensions.sql,yes,yes,ag01_onda2_move_pg_buffercache_to_extensions,B2,ARCHIVE,MED,yes,agent,5	20260807160004	20260807160004_ag01_onda2_move_pg_buffercache_to_extensions.sql	B2	db_record=yes; ALTER EXTENSION pg_bu
20260807160005,20260807160005_ag01_onda2_move_btree_gin_to_extensions.sql,yes,yes,ag01_onda2_move_btree_gin_to_extensions,B2,ARCHIVE,MED,yes,agent,6	20260807160005	20260807160005_ag01_onda2_move_btree_gin_to_extensions.sql	B2	db_record=yes; ALTER EXTENSION btree_gin 
20260807160006,20260807160006_ag01_onda2_move_dblink_to_extensions.sql,yes,yes,ag01_onda2_move_dblink_to_extensions,B2,ARCHIVE,MED,yes,agent,7	20260807160006	20260807160006_ag01_onda2_move_dblink_to_extensions.sql	B2	db_record=yes; ALTER EXTENSION dblink SET SC
20260807160007,20260807160007_ag01_onda2_move_pg_trgm_to_extensions.sql,yes,yes,ag01_onda2_move_pg_trgm_to_extensions,B2,ARCHIVE,MED,yes,agent,8	20260807160007	20260807160007_ag01_onda2_move_pg_trgm_to_extensions.sql	B2	db_record=yes; ALTER EXTENSION pg_trgm SET 
20260807160008,20260807160008_ag01_onda2_move_unaccent_to_extensions.sql,yes,yes,ag01_onda2_move_unaccent_to_extensions,B2,ARCHIVE,MED,yes,agent,9	20260807160008	20260807160008_ag01_onda2_move_unaccent_to_extensions.sql	B2	db_record=yes; ALTER EXTENSION unaccent SE
20260807160009,20260807160009_ag01_onda2_move_vector_to_extensions.sql,yes,yes,ag01_onda2_move_vector_to_extensions,B2,ARCHIVE,MED,yes,agent,10	20260807160009	20260807160009_ag01_onda2_move_vector_to_extensions.sql	B2	db_record=yes; ALTER EXTENSION vector SET S
20260807165000,20260807165000_cleanup_evo_contacts_orphans.sql,yes,yes,cleanup_evo_contacts_orphans,B3,ARCHIVE,MED,yes,agent,11	20260807165000	20260807165000_cleanup_evo_contacts_orphans.sql	B3	SUPERSEDED: v2 de zapp.rpc_e2e_cleanup(); v3 (20260
20260807170000,20260807170000_public_e2e_rpc_wrappers.sql,yes,yes,public_e2e_rpc_wrappers,B2,ARCHIVE,MED,yes,agent,12	20260807170000	20260807170000_public_e2e_rpc_wrappers.sql	B2	db_record=yes; public wrappers (rpc_e2e_cleanup; rpc_e2e
20260807180000,20260807180000_seed_user_rpc.sql,yes,yes,seed_user_rpc,B2,ARCHIVE,MED,yes,agent,13	20260807180000	20260807180000_seed_user_rpc.sql	B2	db_record=yes; zapp.rpc_e2e_seed_user() presente no snapshot (1 hi
20260807190000,20260807190000_rpc_e2e_cleanup_v3_trigger_guard.sql,yes,yes,rpc_e2e_cleanup_v3_trigger_guard,B2,ARCHIVE,MED,yes,agent,14	20260807190000	20260807190000_rpc_e2e_cleanup_v3_trigger_guard.sql	B2	db_record=yes; zapp.rpc_e2e_cleanup() v3 presen
20260807193616,,no,yes,,B5a,BACKFILL-FILE,MED,,orfao,Vivos no snapshot: POLICY:auth_secure_70;POLICY:auth_secure_70_select
20260807195552,,no,yes,,B5b,TOMBSTONE,LOW,,orfao,REVOKE — permissao ja revogada
20260807195847,,no,yes,,B5b,TOMBSTONE,LOW,,orfao,REVOKE — permissao ja revogada
20260807200000,20260807200000_ag06_sto_team_chat_files_owner_check.sql,yes,yes,ag06_sto_team_chat_files_owner_check,B2,ARCHIVE,MED,yes,agent,15	20260807200000	20260807200000_ag06_sto_team_chat_files_owner_check.sql	B2	db_record=yes; DROP+CREATE POLICY em storag
20260807210000,20260807210000_ag07_sto_mime_types_restantes.sql,yes,yes,ag07_sto_mime_types_restantes,B8,ARCHIVE,MED,yes,agent,16	20260807210000	20260807210000_ag07_sto_mime_types_restantes.sql	B8	LINT FAIL: arquivo 100% comentários sem SQL execut
20260807220000,20260807220000_ag05_onda2_qa1005_fn_insert_idempotency_failure_audit.sql,yes,yes,ag05_onda2_qa1005_fn_insert_idempotency_failure_audit,B2,ARCHIVE,MED,yes,agent,17	20260807220000	20260807220000_ag05_onda2_qa1005_fn_insert_idempotency_failure_audit.sql	B2	db_record=yes; zapp.fn_ins
20260807220001,20260807220001_ag05_onda2_qa1006_pg_stat_database_simple.sql,yes,yes,ag05_onda2_qa1006_pg_stat_database_simple,B2,ARCHIVE,MED,yes,agent,18	20260807220001	20260807220001_ag05_onda2_qa1006_pg_stat_database_simple.sql	B2	db_record=yes; zapp.pg_stat_database_s
20260807220002,20260807220002_ag05_onda2_qa1005_fix_status_check_constraint.sql,yes,yes,ag05_onda2_qa1005_fix_status_check_constraint,B2,ARCHIVE,MED,yes,agent,19	20260807220002	20260807220002_ag05_onda2_qa1005_fix_status_check_constraint.sql	B2	db_record=yes; constraint audit_lo
20260807230000,20260807230000_vault_rls.sql,yes,yes,vault_rls,B2,ARCHIVE,MED,yes,agent,20	20260807230000	20260807230000_vault_rls.sql	B2	db_record=yes; RLS em vault.secrets + policy vault_secrets_admin_all; 
20260807230100,20260807230100_fix_alert_channels_seq.sql,yes,yes,fix_alert_channels_seq,B2,ARCHIVE,MED,yes,agent,21	20260807230100	20260807230100_fix_alert_channels_seq.sql	B2	db_record=yes; zapp.alert_channels_id_seq no snapshot (2 
20260807235000,20260807235000_bpm_hardening_auth_write_admin_only.sql,yes,yes,bpm_hardening_auth_write_admin_only,B2,ARCHIVE,MED,yes,agent,22	20260807235000	20260807235000_bpm_hardening_auth_write_admin_only.sql	B2	db_record=yes; DROP+CREATE POLICY em 37 tabe
20260807235500,20260807235500_drop_sla_policies.sql,yes,yes,drop_sla_policies,B4,DELETE,MED,,agent,1	20260807235500	20260807235500_drop_sla_policies.sql	B4	DROP sem efeito: ['TABLE:sla_policies']	0	1	-	TABLE:sla_policie
20260807235800,20260807235800_c3_restrict_rls_permissive_policies.sql,yes,yes,c3_restrict_rls_permissive_policies,B2,ARCHIVE,MED,,agent,2	20260807235800	20260807235800_c3_restrict_rls_permissive_policies.sql	B2	Arquivavel (creates(5); drops_present(8))	8	8
20260807235900,20260807235900_drop_empty_pgmq_schema.sql,yes,yes,drop_empty_pgmq_schema,B2,ARCHIVE,MED,yes,agent,3	20260807235900	20260807235900_drop_empty_pgmq_schema.sql	B2	Arquivavel (db_record=yes)	0	0	-	-
20260807236000,20260807236000_revoke_excessive_grants_control_tables.sql,yes,yes,revoke_excessive_grants_control_tables,B2,ARCHIVE,MED,yes,agent,4	20260807236000	20260807236000_revoke_excessive_grants_control_tables.sql	B2	Arquivavel (db_record=yes)	0	0	-	-
20260807270000,20260807270000_session_backfill_pipeline_hardening.sql,yes,yes,session_backfill_pipeline_hardening,B2,ARCHIVE,MED,,agent,5	20260807270000	20260807270000_session_backfill_pipeline_hardening.sql	B2	Arquivavel (creates(3))	5	0	FUNCTION:fn_pipel
20260808000100,20260808000100_oc02_archive_rls.sql,yes,yes,oc02_archive_rls,B2,ARCHIVE,MED,yes,agent,6	20260808000100	20260808000100_oc02_archive_rls.sql	B2	Arquivavel (db_record=yes)	1	0	POLICY:admin_full_access	-
20260808000200,20260808000200_oc02_pgsodium_key_rls.sql,yes,yes,oc02_pgsodium_key_rls,B2,ARCHIVE,MED,yes,agent,7	20260808000200	20260808000200_oc02_pgsodium_key_rls.sql	B2	Arquivavel (db_record=yes)	1	0	POLICY:pgsodium_keymaker_all
20260808110000,20260808110000_security_guard_canonica.sql,yes,yes,security_guard_canonica,B2,ARCHIVE,MED,,agent,8	20260808110000	20260808110000_security_guard_canonica.sql	B2	Arquivavel (creates(1))	3	2	FUNCTION:fn_require_app_user;
20260808110001,20260808110001_rpc_guards_wave.sql,yes,yes,rpc_guards_wave,B2,ARCHIVE,MED,,agent,9	20260808110001	20260808110001_rpc_guards_wave.sql	B2	Arquivavel (creates(8))	10	3	FUNCTION:get_avatars_by_jids_batch;F
20260808110002,20260808110002_mask_resolve_revokes.sql,yes,yes,mask_resolve_revokes,B2,ARCHIVE,MED,,agent,10	20260808110002	20260808110002_mask_resolve_revokes.sql	B2	Arquivavel (creates(2))	2	0	FUNCTION:rpc_resolve_instance_b
20260808110003,20260808110003_policies_restriction_wave.sql,yes,yes,policies_restriction_wave,B2,ARCHIVE,MED,,agent,11	20260808110003	20260808110003_policies_restriction_wave.sql	B2	Arquivavel (creates(11); drops_present(10))	19	21	FUNC
20260808110004,20260808110004_cleanup_hygiene_wave.sql,yes,yes,cleanup_hygiene_wave,B2,ARCHIVE,MED,,agent,12	20260808110004	20260808110004_cleanup_hygiene_wave.sql	B2	Arquivavel (drops_present(1))	0	13	-	TABLE:agent_permission
20260808120000,20260808120000_fix_health_score_cache_seq.sql,yes,yes,fix_health_score_cache_seq,B2,ARCHIVE,MED,yes,agent,13	20260808120000	20260808120000_fix_health_score_cache_seq.sql	B2	Arquivavel (db_record=yes)	0	0	-	-
20260808120001,20260808120001_drop_redundant_partition_rjid_indexes.sql,yes,yes,drop_redundant_partition_rjid_indexes,B4,DELETE,MED,,agent,14	20260808120001	20260808120001_drop_redundant_partition_rjid_indexes.sql	B4	DROP sem efeito: ['INDEX:idx_compras_rjid'
20260808121000,20260808121000_ag_ex02_audio_memes_rls.sql,yes,yes,ag_ex02_audio_memes_rls,B2,ARCHIVE,MED,,agent,15	20260808121000	20260808121000_ag_ex02_audio_memes_rls.sql	B2	Arquivavel (creates(4); drops_present(1))	4	1	POLICY:aut
20260808130000,20260808130000_exec_sql_mcp_query_rpc.sql,yes,yes,exec_sql_mcp_query_rpc,B2,ARCHIVE,MED,yes,agent,16	20260808130000	20260808130000_exec_sql_mcp_query_rpc.sql	B2	Arquivavel (db_record=yes)	1	0	FUNCTION:exec_sql	-
20260808150000,20260808150000_hotfix_revoke_exec_sql_anon.sql,yes,yes,hotfix_revoke_exec_sql_anon,B2,ARCHIVE,MED,yes,agent,17	20260808150000	20260808150000_hotfix_revoke_exec_sql_anon.sql	B2	Arquivavel (db_record=yes)	0	0	-	-
20260808150001,20260808150001_rerevoke_re_grants.sql,yes,yes,rerevoke_re_grants,B2,ARCHIVE,MED,yes,agent,18	20260808150001	20260808150001_rerevoke_re_grants.sql	B2	Arquivavel (db_record=yes)	0	0	-	-
20260808230000,20260808230000_revoke_anon_exec_zapp_functions.sql,yes,yes,revoke_anon_exec_zapp_functions,B2,ARCHIVE,MED,yes,agent,19	20260808230000	20260808230000_revoke_anon_exec_zapp_functions.sql	B2	Arquivavel (db_record=yes)	0	0	-	-
20260808240000,20260808240000_fix_gap01_search_contacts_gin_expression.sql,yes,yes,fix_gap01_search_contacts_gin_expression,B2,ARCHIVE,MED,yes,agent,20	20260808240000	20260808240000_fix_gap01_search_contacts_gin_expression.sql	B2	Arquivavel (db_record=yes)	1	1	FUNCTION
20260808250000,20260808250000_fix_gap03_logflare_pub_restrict.sql,yes,yes,fix_gap03_logflare_pub_restrict,B2,ARCHIVE,MED,yes,agent,21	20260808250000	20260808250000_fix_gap03_logflare_pub_restrict.sql	B2	Arquivavel (db_record=yes)	0	0	-	-
20260809000000,20260809000000_versioned_drops_and_jwt_ref.sql,yes,yes,versioned_drops_and_jwt_ref,B2,ARCHIVE,MED,,agent,22	20260809000000	20260809000000_versioned_drops_and_jwt_ref.sql	B2	Arquivavel (creates(1); drops_present(1))	1	3	FUNCTI
20260809120000,,no,yes,,B5a,BACKFILL-FILE,HIGH,,orfao,Vivos no snapshot: FUNCTION:zapp.get_contacts_360_batch
20260809160000,,no,yes,,B5b,TOMBSTONE,LOW,,orfao,Snapshot/preparatorio — sem objeto a backfill
20260809161000,,no,yes,,B5b,TOMBSTONE,LOW,,orfao,Operacao sem criacao de objeto permanente
20260809162000,,no,yes,,B5a,BACKFILL-FILE,MED,,orfao,Vivos no snapshot: INDEX:idx_dispatch_errors_created | Mortos: INDEX:idx_messages_status_created;INDEX:idx_messages_pend
20260809163000,,no,yes,,B5b,TOMBSTONE,LOW,,orfao,DELETE — operacao de dados ja executada
20260809164000,,no,yes,,B5b,TOMBSTONE,LOW,,orfao,Fix sem arquivo no git — efeito ja aplicado
20260809165000,,no,yes,,B5b,TOMBSTONE,MED,,orfao,Criados mas nao vivos: FUNCTION:evo.fn_sync_lid_from_api;FUNCTION:evo.fn_sync_lid_from_api
20260809166000,,no,yes,,B5b,TOMBSTONE,MED,,orfao,Criados mas nao vivos: FUNCTION:evo.fn_sync_lid_from_api;FUNCTION:evo.fn_sync_lid_from_api
20260809170000,,no,yes,,B5b,TOMBSTONE,LOW,,orfao,Operacao sem criacao de objeto permanente
20260809171000,,no,yes,,B5b,TOMBSTONE,LOW,,orfao,Fix sem arquivo no git — efeito ja aplicado
20260809172000,,no,yes,,B5b,TOMBSTONE,LOW,,orfao,DROP — operacao de limpeza ja aplicada
20260809173000,,no,yes,,B5b,TOMBSTONE,LOW,,orfao,Operacao emergencial/reversao — ja aplicada
20260809174000,,no,yes,,B5b,TOMBSTONE,LOW,,orfao,Operacao emergencial/reversao — ja aplicada
20260809175000,,no,yes,,B5b,TOMBSTONE,LOW,,orfao,Operacao emergencial/reversao — ja aplicada
20260809176000,,no,yes,,B5b,TOMBSTONE,LOW,,orfao,Operacao emergencial/reversao — ja aplicada
20260809177000,,no,yes,,B5b,TOMBSTONE,LOW,,orfao,Operacao emergencial/reversao — ja aplicada
20260809178000,,no,yes,,B5b,TOMBSTONE,LOW,,orfao,Operacao emergencial/reversao — ja aplicada
20260809179000,20260809179000_queue_enqueue_dequeue_mechanic.sql,yes,yes,queue_enqueue_dequeue_mechanic,B2,ARCHIVE,MED,yes,agent,1	20260809179000_queue_enqueue_dequeue_mechanic.sql	20260809179000	yes	queue_enqueue_dequeue_mechanic	B2	DDL objects in 
20260809180000,20260809180000_queue_autorouter_wiring.sql,yes,yes,audit_v4_neuter_fn_lid_cleanup_convergence_guard,B2,ARCHIVE,MED,yes,agent,2	20260809180000_queue_autorouter_wiring.sql	20260809180000	yes	audit_v4_neuter_fn_lid_cleanup_convergence_guard	B2	DDL 
20260809181000,,no,yes,,B5b,TOMBSTONE,LOW,,orfao,Operacao emergencial/reversao — ja aplicada
20260809182000,,no,yes,,B5b,TOMBSTONE,LOW,,orfao,Audit sem arquivo no git — efeito ja aplicado
20260809183000,,no,yes,,B5a,BACKFILL-FILE,HIGH,,orfao,Vivos no snapshot: FUNCTION:zapp.rpc_backfill_messages_contact_id
20260809184000,,no,yes,,B5b,TOMBSTONE,LOW,,orfao,Operacao emergencial/reversao — ja aplicada
20260809185000,,no,yes,,B5b,TOMBSTONE,LOW,,orfao,REVOKE — permissao ja revogada
20260809186000,,no,yes,,B5a,BACKFILL-FILE,HIGH,,orfao,Vivos no snapshot: FUNCTION:zapp.fn_set_updated_at;TRIGGER:trg_
20260809195000,,no,yes,,B5b,TOMBSTONE,LOW,,orfao,Operacao sem criacao de objeto permanente
20260809200000,,no,yes,,B5a,BACKFILL-FILE,HIGH,,orfao,Vivos no snapshot: VIEW:public.evolution_instance_credentials
20260809201000,,no,yes,,B5b,TOMBSTONE,LOW,,orfao,SEM-ARQUIVO-NO-GIT — sem objeto a backfill
20260809C01,,no,yes,,B5b,TOMBSTONE,LOW,,orfao,COMMENT migration — efeito ja aplicado; sem objeto a backfill
20260809C02,,no,yes,,B5b,TOMBSTONE,LOW,,orfao,COMMENT migration — efeito ja aplicado; sem objeto a backfill
20260809C03,,no,yes,,B5b,TOMBSTONE,LOW,,orfao,COMMENT migration — efeito ja aplicado; sem objeto a backfill
20260809C04,,no,yes,,B5b,TOMBSTONE,LOW,,orfao,COMMENT migration — efeito ja aplicado; sem objeto a backfill
20260809C05,,no,yes,,B5b,TOMBSTONE,LOW,,orfao,COMMENT migration — efeito ja aplicado; sem objeto a backfill
20260809C06,,no,yes,,B5b,TOMBSTONE,LOW,,orfao,COMMENT migration — efeito ja aplicado; sem objeto a backfill
20260809C07,,no,yes,,B5b,TOMBSTONE,LOW,,orfao,COMMENT migration — efeito ja aplicado; sem objeto a backfill
20260809C08,,no,yes,,B5b,TOMBSTONE,LOW,,orfao,COMMENT migration — efeito ja aplicado; sem objeto a backfill
20260809C09,,no,yes,,B5b,TOMBSTONE,LOW,,orfao,COMMENT migration — efeito ja aplicado; sem objeto a backfill
20260809C10,,no,yes,,B5b,TOMBSTONE,MED,,orfao,Criados mas nao vivos: FUNCTION:public.fn_route_failed_webhooks_to_dlq
20260809C11,,no,yes,,B5b,TOMBSTONE,LOW,,orfao,COMMENT migration — efeito ja aplicado; sem objeto a backfill
20260809C12,,no,yes,,B5b,TOMBSTONE,LOW,,orfao,DROP — operacao de limpeza ja aplicada
20260809C13,,no,yes,,B5b,TOMBSTONE,LOW,,orfao,DROP — operacao de limpeza ja aplicada
20260809C14,,no,yes,,B5b,TOMBSTONE,LOW,,orfao,COMMENT migration — efeito ja aplicado; sem objeto a backfill
20260809C15,,no,yes,,B5a,BACKFILL-FILE,MED,,orfao,Vivos no snapshot: INDEX:idx_dispatch_errors_created | Mortos: INDEX:idx_messages_status_created;INDEX:idx_messages_pend
20260809C16,,no,yes,,B5b,TOMBSTONE,MED,,orfao,Criados mas nao vivos: FUNCTION:public.fn_purge_processed_webhook_events
20260809C17,,no,yes,,B5b,TOMBSTONE,MED,,orfao,Criados mas nao vivos: FUNCTION:public.fn_purge_processed_webhook_events
20260809C18,,no,yes,,B5a,BACKFILL-FILE,HIGH,,orfao,Vivos no snapshot: VIEW:zapp.evolution_retry_metrics
20260809C19,,no,yes,,B5b,TOMBSTONE,LOW,,orfao,DO block — operacao procedural ja aplicada
20260809C20,,no,yes,,B5b,TOMBSTONE,LOW,,orfao,COMMENT migration — efeito ja aplicado; sem objeto a backfill
20260809C21,,no,yes,,B5b,TOMBSTONE,LOW,,orfao,Operacao sem criacao de objeto permanente
20260809E04,,no,yes,,B5b,TOMBSTONE,LOW,,orfao,Operacao pontual (E-series) — efeito ja aplicado
20260809E12,,no,yes,,B5b,TOMBSTONE,LOW,,orfao,Operacao pontual (E-series) — efeito ja aplicado
20260809E24,,no,yes,,B5b,TOMBSTONE,LOW,,orfao,Operacao pontual (E-series) — efeito ja aplicado
20260809E25,,no,yes,,B5b,TOMBSTONE,LOW,,orfao,Operacao pontual (E-series) — efeito ja aplicado
20260809E28,,no,yes,,B5b,TOMBSTONE,LOW,,orfao,Operacao pontual (E-series) — efeito ja aplicado
20260809E29a,,no,yes,,B5b,TOMBSTONE,LOW,,orfao,Operacao sem criacao de objeto permanente
20260809E39,,no,yes,,B5b,TOMBSTONE,LOW,,orfao,Operacao pontual (E-series) — efeito ja aplicado
20260809E44A,,no,yes,,B5b,TOMBSTONE,LOW,,orfao,Operacao pontual (E-series) — efeito ja aplicado
20260809E44B,,no,yes,,B5b,TOMBSTONE,LOW,,orfao,DROP — operacao de limpeza ja aplicada
20260809F03,,no,yes,,B5b,TOMBSTONE,LOW,,orfao,DROP — operacao de limpeza ja aplicada
20260809F04,,no,yes,,B5b,TOMBSTONE,LOW,,orfao,Operacao sem criacao de objeto permanente
20260809F07B,,no,yes,,B5b,TOMBSTONE,LOW,,orfao,Operacao sem criacao de objeto permanente
20260809F07C,,no,yes,,B5b,TOMBSTONE,LOW,,orfao,Fix FK (F-series) — efeito ja aplicado
20260809F08,,no,yes,,B5b,TOMBSTONE,LOW,,orfao,Fix FK (F-series) — efeito ja aplicado
20260809FN01,,no,yes,,B5a,BACKFILL-FILE,HIGH,,orfao,Vivos no snapshot: FUNCTION:zapp.rpc_list_transfers_paginated
20260809FN02,,no,yes,,B5a,BACKFILL-FILE,HIGH,,orfao,Vivos no snapshot: VIEW:zapp.gmail_accounts;VIEW:zapp.gmail_threads;VIEW:zapp.gmail_messages;VIEW:zapp.gmail_health_logs
20260809FN03,,no,yes,,B5a,BACKFILL-FILE,HIGH,,orfao,Vivos no snapshot: FUNCTION:zapp.fn_collect_restore_logs
20260809FN04,,no,yes,,B5a,BACKFILL-FILE,HIGH,,orfao,Vivos no snapshot: FUNCTION:zapp.is_instance_paused;FUNCTION:zapp.pause_instance;FUNCTION:zapp.unpause_instance;FUNCTION
20260809G01,,no,yes,,B5b,TOMBSTONE,LOW,,orfao,COMMENT migration — efeito ja aplicado; sem objeto a backfill
20260809G02,,no,yes,,B5b,TOMBSTONE,LOW,,orfao,COMMENT migration — efeito ja aplicado; sem objeto a backfill
20260809G03,,no,yes,,B5b,TOMBSTONE,LOW,,orfao,COMMENT migration — efeito ja aplicado; sem objeto a backfill
20260809G04,,no,yes,,B5b,TOMBSTONE,LOW,,orfao,COMMENT migration — efeito ja aplicado; sem objeto a backfill
20260809G05,,no,yes,,B5b,TOMBSTONE,LOW,,orfao,COMMENT migration — efeito ja aplicado; sem objeto a backfill
20260809G06,,no,yes,,B5b,TOMBSTONE,LOW,,orfao,COMMENT migration — efeito ja aplicado; sem objeto a backfill
20260809G07,,no,yes,,B5b,TOMBSTONE,LOW,,orfao,COMMENT migration — efeito ja aplicado; sem objeto a backfill
20260809G07B,,no,yes,,B5b,TOMBSTONE,LOW,,orfao,COMMENT migration — efeito ja aplicado; sem objeto a backfill
20260809G08,,no,yes,,B5b,TOMBSTONE,LOW,,orfao,COMMENT migration — efeito ja aplicado; sem objeto a backfill
20260809G08B,,no,yes,,B5b,TOMBSTONE,LOW,,orfao,COMMENT migration — efeito ja aplicado; sem objeto a backfill
20260809G09,,no,yes,,B5b,TOMBSTONE,LOW,,orfao,COMMENT migration — efeito ja aplicado; sem objeto a backfill
20260809G10,,no,yes,,B5b,TOMBSTONE,MED,,orfao,Criados mas nao vivos: FUNCTION:evo.search_contacts_gin
20260809G11,,no,yes,,B5b,TOMBSTONE,LOW,,orfao,COMMENT migration — efeito ja aplicado; sem objeto a backfill
20260809G12,,no,yes,,B5b,TOMBSTONE,LOW,,orfao,Operacao sem criacao de objeto permanente
20260809G12B,,no,yes,,B5b,TOMBSTONE,LOW,,orfao,COMMENT migration — efeito ja aplicado; sem objeto a backfill
20260809G13,,no,yes,,B5b,TOMBSTONE,LOW,,orfao,COMMENT migration — efeito ja aplicado; sem objeto a backfill
20260809G14,,no,yes,,B5b,TOMBSTONE,LOW,,orfao,COMMENT migration — efeito ja aplicado; sem objeto a backfill
20260809G15,,no,yes,,B5b,TOMBSTONE,LOW,,orfao,COMMENT migration — efeito ja aplicado; sem objeto a backfill
20260809G15B,,no,yes,,B5b,TOMBSTONE,LOW,,orfao,COMMENT migration — efeito ja aplicado; sem objeto a backfill
20260809G16,,no,yes,,B5b,TOMBSTONE,LOW,,orfao,COMMENT migration — efeito ja aplicado; sem objeto a backfill
20260809G17,,no,yes,,B5b,TOMBSTONE,LOW,,orfao,DROP — operacao de limpeza ja aplicada
20260809G18,,no,yes,,B5b,TOMBSTONE,LOW,,orfao,COMMENT migration — efeito ja aplicado; sem objeto a backfill
20260809G19,,no,yes,,B5a,BACKFILL-FILE,HIGH,,orfao,Vivos no snapshot: VIEW:zapp.evolution_retry_metrics
20260809G20,,no,yes,,B5a,BACKFILL-FILE,MED,,orfao,Vivos no snapshot: INDEX:idx_dispatch_errors_created | Mortos: INDEX:idx_messages_status_created;INDEX:idx_messages_pend
20260809G21,,no,yes,,B5b,TOMBSTONE,MED,,orfao,Criados mas nao vivos: FUNCTION:public.fn_purge_processed_webhook_events
20260809G22,,no,yes,,B5b,TOMBSTONE,MED,,orfao,Criados mas nao vivos: FUNCTION:public.fn_purge_processed_webhook_events
20260809G23,,no,yes,,B5b,TOMBSTONE,LOW,,orfao,ALTER TABLE ADD COLUMN — DDL ja aplicado
20260809G24,,no,yes,,B5b,TOMBSTONE,LOW,,orfao,DROP — operacao de limpeza ja aplicada
20260809G25,,no,yes,,B5b,TOMBSTONE,LOW,,orfao,COMMENT migration — efeito ja aplicado; sem objeto a backfill
20260809G26,,no,yes,,B5b,TOMBSTONE,LOW,,orfao,COMMENT migration — efeito ja aplicado; sem objeto a backfill
20260809G27,,no,yes,,B5b,TOMBSTONE,LOW,,orfao,COMMENT migration — efeito ja aplicado; sem objeto a backfill
20260809G28,,no,yes,,B5b,TOMBSTONE,LOW,,orfao,COMMENT migration — efeito ja aplicado; sem objeto a backfill
20260809G29,,no,yes,,B5b,TOMBSTONE,LOW,,orfao,COMMENT migration — efeito ja aplicado; sem objeto a backfill
20260809G30,,no,yes,,B5b,TOMBSTONE,LOW,,orfao,Operacao sem criacao de objeto permanente
20260809G31,,no,yes,,B5b,TOMBSTONE,LOW,,orfao,COMMENT migration — efeito ja aplicado; sem objeto a backfill
20260809G32,,no,yes,,B5a,BACKFILL-FILE,MED,,orfao,Vivos no snapshot: INDEX:idx_webhook_audit_log_processed_at;INDEX:idx_webhook_audit_log_success_at
20260809I01,,no,yes,,B5b,TOMBSTONE,LOW,,orfao,DROP — operacao de limpeza ja aplicada
20260809I02,,no,yes,,B5b,TOMBSTONE,MED,,orfao,Criados mas nao vivos: INDEX:idx_ec_instance_phone;INDEX:idx_ec_instance_jid
20260809I03,,no,yes,,B5b,TOMBSTONE,LOW,,orfao,DROP — operacao de limpeza ja aplicada
20260809I04,,no,yes,,B5b,TOMBSTONE,LOW,,orfao,DROP — operacao de limpeza ja aplicada
20260809I05,,no,yes,,B5b,TOMBSTONE,MED,,orfao,Criados mas nao vivos: INDEX:idx_ec_instance_phone;INDEX:idx_ec_instance_jid
20260809I06,,no,yes,,B5b,TOMBSTONE,LOW,,orfao,DROP — operacao de limpeza ja aplicada
20260809N01,,no,yes,,B5b,TOMBSTONE,LOW,,orfao,DROP — objeto ainda no snapshot: evo.evolution_messages_wpp2_archive_created_at_idx
20260809N02,,no,yes,,B5b,TOMBSTONE,MED,,orfao,Criados mas nao vivos: INDEX:idx_ec_instance_phone;INDEX:idx_ec_instance_jid
20260809N03,,no,yes,,B5b,TOMBSTONE,LOW,,orfao,DROP — operacao de limpeza ja aplicada
20260809N04,,no,yes,,B5b,TOMBSTONE,MED,,orfao,Criados mas nao vivos: INDEX:idx_ec_instance_phone;INDEX:idx_ec_instance_jid
20260809N05,,no,yes,,B5b,TOMBSTONE,LOW,,orfao,CREATE INDEX sem arquivo — indice pode ou nao existir
20260809N06,,no,yes,,B5b,TOMBSTONE,LOW,,orfao,CREATE INDEX sem arquivo — indice pode ou nao existir
20260809N07,,no,yes,,B5b,TOMBSTONE,LOW,,orfao,DROP — objeto ainda no snapshot: evo.evolution_messages_wpp2_archive_created_at_idx
20260809O01,,no,yes,,B5a,BACKFILL-FILE,HIGH,,orfao,Vivos no snapshot: FUNCTION:evo.fn_download_wa_status_media
20260809O02,,no,yes,,B5b,TOMBSTONE,LOW,,orfao,DROP — objeto ainda no snapshot: evo.evolution_messages_wpp2_archive_created_at_idx
20260809S01,,no,yes,,B5b,TOMBSTONE,LOW,,orfao,Criados mas nao vivos: POLICY:auth_write_audio_msgs;POLICY:public_read_audio_messages
20260809S02,,no,yes,,B5b,TOMBSTONE,LOW,,orfao,Storage cleanup — operacao de dados ja aplicada
20260809V01,,no,yes,,B5b,TOMBSTONE,LOW,,orfao,Validacao (V-series) — sem objeto a backfill
20260809V02,,no,yes,,B5b,TOMBSTONE,LOW,,orfao,Validacao (V-series) — sem objeto a backfill
20260810120000,20260810120000_populate_media_bucket_path.sql,yes,yes,populate_media_bucket_path,B2,ARCHIVE,MED,yes,agent,3	20260810120000_populate_media_bucket_path.sql	20260810120000	yes	populate_media_bucket_path	B2	Data-only migration (UP
20260810133820,,no,yes,,B5b,TOMBSTONE,LOW,,orfao,SEM-ARQUIVO-NO-GIT — sem objeto a backfill
20260810170000,20260810170000_g6_batch_mode_guards_evolution_contacts.sql,yes,yes,g6_batch_mode_guards_evolution_contacts,B2,ARCHIVE,MED,yes,agent,4	20260810170000_g6_batch_mode_guards_evolution_contacts.sql	20260810170000	yes	g6_batch_mode_guards_evolution_contacts	
20260810180000,,no,yes,,B5a,BACKFILL-FILE,MED,,orfao,Vivos no snapshot: INDEX:idx_esa_remote_jid;INDEX:idx_esa_contact_id;INDEX:idx_esa_created_at;INDEX:idx_esa_sentiment_ur
20260810190000,,no,yes,,B5a,BACKFILL-FILE,MED,,orfao,Vivos no snapshot: INDEX:idx_dispatch_errors_created | Mortos: INDEX:idx_messages_status_created;INDEX:idx_messages_pend
20260810200000,,no,yes,,B5b,TOMBSTONE,LOW,,orfao,DROP — operacao de limpeza ja aplicada
20260810200001,,no,yes,,B5b,TOMBSTONE,LOW,,orfao,Operacao sem criacao de objeto permanente
20260810200002,,no,yes,,B5b,TOMBSTONE,LOW,,orfao,SEM-ARQUIVO-NO-GIT — sem objeto a backfill
20260810200003,,no,yes,,B5b,TOMBSTONE,LOW,,orfao,SEM-ARQUIVO-NO-GIT — sem objeto a backfill
20260810200004,,no,yes,,B5a,BACKFILL-FILE,HIGH,,orfao,Vivos no snapshot: FUNCTION:public.fn_purge_api_key_from_logs | Mortos: FUNCTION:zapp.fn_reject_oversized_media;TRIGGER:
20260810200005,,no,yes,,B5b,TOMBSTONE,LOW,,orfao,SEM_ARQUIVO; operacao externa
20260810200006,,no,yes,,B5b,TOMBSTONE,LOW,,orfao,SEM_ARQUIVO; operacao externa
20260810200007,,no,yes,,B5b,TOMBSTONE,LOW,,orfao,OBJ_MORTO:TABLE:zapp.queue_skills (parent obj not in snapshot)
20260810200008,,no,yes,,B5b,TOMBSTONE,LOW,,orfao,SEM_ARQUIVO; operacao externa
20260810200100,20260810200100_fix_consumer_stats_fdw_evolution_postgres.sql,yes,yes,fix_consumer_stats_fdw_evolution_postgres,B2,ARCHIVE,MED,yes,agent,5	20260810200100_fix_consumer_stats_fdw_evolution_postgres.sql	20260810200100	yes	fix_consumer_stats_fdw_evolution_postg
20260810200200,20260810200200_fn_process_contacts_batch_all_guards.sql,yes,yes,fix_fn_process_contacts_batch_instance_validation,B2,ARCHIVE,MED,yes,agent,6	20260810200200_fn_process_contacts_batch_all_guards.sql	20260810200200	yes	fix_fn_process_contacts_batch_instance_vali
20260810200300,20260810200300_fn_delete_test_contacts.sql,yes,yes,evt_privilege_ddl_watch_n8n_app_monitor_and_orphan_cleanup,B2,ARCHIVE,MED,yes,agent,7	20260810200300_fn_delete_test_contacts.sql	20260810200300	yes	evt_privilege_ddl_watch_n8n_app_monitor_and_orphan_clean
20260810210001,,no,yes,,B5a,BACKFILL-FILE,MED,,orfao,VIVO_SNAP:INDEX:public.idx_dispatch_errors_created
20260810210002,,no,yes,,B5b,TOMBSTONE,LOW,,orfao,REVOKE (ja no live)
20260810210003,,no,yes,,B5b,TOMBSTONE,LOW,,orfao,SEM_ARQUIVO; operacao externa
20260810M01,,no,yes,,B5a,BACKFILL-FILE,HIGH,,orfao,VIVO_SNAP:VIEW:public.instance_registry;VIEW:public.conversation_transfers;VIEW:public.transfer_comments;VIEW:public.evo
20260810M02,,no,yes,,B5a,BACKFILL-FILE,HIGH,,orfao,VIVO_SNAP:FUNCTION:evo.fn_download_wa_status_media
20260810M03,,no,yes,,B5a,BACKFILL-FILE,HIGH,,orfao,VIVO_SNAP:FUNCTION:evo.fn_download_wa_status_media
20260810M04,,no,yes,,B5b,TOMBSTONE,LOW,,orfao,SEM_ARQUIVO; operacao externa
20260810M05,,no,yes,,B5b,TOMBSTONE,LOW,,orfao,SEM_ARQUIVO; operacao externa
20260810M06,,no,yes,,B5b,TOMBSTONE,LOW,,orfao,OBJ_MORTO:public_read_audio_messages;auth_write_audio_msgs
20260810M07,,no,yes,,B5a,BACKFILL-FILE,HIGH,,orfao,VIVO_SNAP:FUNCTION:evo.fn_download_wa_status_media
20260810M08,,no,yes,,B5a,BACKFILL-FILE,HIGH,,orfao,VIVO_SNAP:FUNCTION:evo.fn_download_wa_status_media
20260811100001,,no,yes,,B5b,TOMBSTONE,LOW,,orfao,SEM_ARQUIVO; operacao externa
20260811100002,,no,yes,,B5b,TOMBSTONE,LOW,,orfao,SEM_ARQUIVO; operacao externa
20260811100003,,no,yes,,B5b,TOMBSTONE,LOW,,orfao,SEM_ARQUIVO; operacao externa
20260811100004,,no,yes,,B5a,BACKFILL-FILE,HIGH,,orfao,VIVO_SNAP:FUNCTION:zapp.fn_upsert_lid_identity
20260811100005,,no,yes,,B5a,BACKFILL-FILE,HIGH,,orfao,VIVO_SNAP:FUNCTION:zapp.fn_upsert_lid_identity
20260811100006,,no,yes,,B5a,BACKFILL-FILE,HIGH,,orfao,VIVO_SNAP:FUNCTION:zapp.fn_upsert_lid_identity
20260811100007,,no,yes,,B5a,BACKFILL-FILE,HIGH,,orfao,VIVO_SNAP:FUNCTION:zapp.fn_upsert_lid_identity
20260811100008,,no,yes,,B5b,TOMBSTONE,LOW,,orfao,SEM_ARQUIVO; operacao externa
20260811100009,,no,yes,,B5b,TOMBSTONE,LOW,,orfao,SEM_ARQUIVO; operacao externa
20260811130000,20260811130000_grupos.sql,yes,yes,grupos,B2,ARCHIVE,MED,yes,agent,8	20260811130000_grupos.sql	20260811130000	yes	grupos	B2	DDL objects in snapshot (9hits): CREATE:EVOLUTION_GROUPS_CONNEC
20260811140000,20260811140000_status_contato.sql,yes,yes,status_contato,B2,ARCHIVE,MED,yes,agent,9	20260811140000_status_contato.sql	20260811140000	yes	status_contato	B2	DDL objects in snapshot (1hits): CREATE:ZAPP.ZA
20260811150100,20260811150100_evo_integridade_fks_limpezas.sql,yes,yes,evo_integridade_fks_limpezas,B2,ARCHIVE,MED,yes,agent,10	20260811150100_evo_integridade_fks_limpezas.sql	20260811150100	yes	evo_integridade_fks_limpezas	B2	DDL objects in sna
20260811150300,20260811150300_notificacoes.sql,yes,yes,notificacoes,B2,ARCHIVE,MED,yes,agent,11	20260811150300_notificacoes.sql	20260811150300	yes	notificacoes	B2	DDL objects in snapshot (2hits): CREATE:EVO_OUTBOX
20260811150400,20260811150400_evo_notification_outbox_dispatcher.sql,yes,yes,evo_notification_outbox_dispatcher,B2,ARCHIVE,MED,yes,agent,12	20260811150400_evo_notification_outbox_dispatcher.sql	20260811150400	yes	evo_notification_outbox_dispatcher	B2	DDL ob
20260811170000,20260811170000_evo_notif_config_get_rpc.sql,yes,yes,evo_notif_config_get_rpc,B2,ARCHIVE,MED,yes,agent,13	20260811170000_evo_notif_config_get_rpc.sql	20260811170000	yes	evo_notif_config_get_rpc	B2	DDL objects in snapshot (1
20260811200001,,no,yes,,B5b,TOMBSTONE,LOW,,orfao,SEM_ARQUIVO; operacao externa
20260811200002,,no,yes,,B5b,TOMBSTONE,LOW,,orfao,ARQUIVO_SOMENTE_COMENTARIOS/DOC
20260811200003,,no,yes,,B5b,TOMBSTONE,LOW,,orfao,SEM_ARQUIVO; operacao externa
20260811200004,,no,yes,,B5a,BACKFILL-FILE,HIGH,,orfao,VIVO_SNAP:FUNCTION:zapp.fn_upsert_lid_identity
20260811200005,,no,yes,,B5a,BACKFILL-FILE,HIGH,,orfao,VIVO_SNAP:FUNCTION:zapp.fn_upsert_lid_identity
20260811200006,,no,yes,,B5a,BACKFILL-FILE,HIGH,,orfao,VIVO_SNAP:FUNCTION:zapp.fn_upsert_lid_identity
20260811200007,,no,yes,,B5a,BACKFILL-FILE,HIGH,,orfao,VIVO_SNAP:FUNCTION:zapp.fn_upsert_lid_identity
20260811200008,,no,yes,,B5a,BACKFILL-FILE,HIGH,,orfao,VIVO_SNAP:FUNCTION:zapp.fn_upsert_lid_identity
20260811200009,,no,yes,,B5b,TOMBSTONE,LOW,,orfao,SEM_ARQUIVO; operacao externa
20260811203000,20260811203000_grupos_admin_phone.sql,yes,yes,grupos_admin_phone,B2,ARCHIVE,MED,yes,agent,14	20260811203000_grupos_admin_phone.sql	20260811203000	yes	grupos_admin_phone	B2	DDL objects in snapshot (2hits): CREAT
20260811214500,,no,yes,,B5b,TOMBSTONE,LOW,,orfao,SEM_ARQUIVO; operacao externa
20260811220000,20260811220000_view_zapp_evolution_messages_54cols.sql,yes,yes,view_zapp_evolution_messages_54cols,B2,ARCHIVE,MED,yes,agent,15	20260811220000_view_zapp_evolution_messages_54cols.sql	20260811220000	yes	view_zapp_evolution_messages_54cols	B2	DDL 
20260811300001,,no,yes,,B5a,BACKFILL-FILE,HIGH,,orfao,VIVO_SNAP:FUNCTION:zapp.fn_upsert_lid_identity
20260811300002,,no,yes,,B5a,BACKFILL-FILE,HIGH,,orfao,VIVO_SNAP:FUNCTION:zapp.fn_upsert_lid_identity
20260811300003,,no,yes,,B5a,BACKFILL-FILE,HIGH,,orfao,VIVO_SNAP:FUNCTION:zapp.fn_upsert_lid_identity
20260811300004,,no,yes,,B5a,BACKFILL-FILE,HIGH,,orfao,VIVO_SNAP:FUNCTION:zapp.fn_upsert_lid_identity
20260811300005,,no,yes,,B5a,BACKFILL-FILE,HIGH,,orfao,VIVO_SNAP:FUNCTION:zapp.fn_upsert_lid_identity
20260811300006,,no,yes,,B5a,BACKFILL-FILE,HIGH,,orfao,VIVO_SNAP:FUNCTION:zapp.fn_upsert_lid_identity
20260811300007,,no,yes,,B5a,BACKFILL-FILE,HIGH,,orfao,VIVO_SNAP:FUNCTION:zapp.fn_upsert_lid_identity
20260811300008,,no,yes,,B5b,TOMBSTONE,LOW,,orfao,SEM_ARQUIVO; operacao externa
20260811400001,,no,yes,,B5b,TOMBSTONE,LOW,,orfao,SEM_ARQUIVO; operacao externa
20260811400002,,no,yes,,B5b,TOMBSTONE,LOW,,orfao,SEM_ARQUIVO; operacao externa
20260811400003,,no,yes,,B5a,BACKFILL-FILE,HIGH,,orfao,VIVO_SNAP:FUNCTION:zapp.fn_upsert_lid_identity
20260811400004,,no,yes,,B5a,BACKFILL-FILE,HIGH,,orfao,VIVO_SNAP:FUNCTION:public.fn_reconcile_apply;FUNCTION:public.fn_auto_resolve_baileys_alerts
20260811500001,,no,yes,,B5b,TOMBSTONE,LOW,,orfao,SEM_ARQUIVO; operacao externa
20260811500002,,no,yes,,B5a,BACKFILL-FILE,HIGH,,orfao,VIVO_SNAP:VIEW:zapp.evolution_retry_metrics
20260811500003,,no,yes,,B5a,BACKFILL-FILE,HIGH,,orfao,VIVO_SNAP:FUNCTION:zapp.fn_upsert_lid_identity
20260811500004,,no,yes,,B5b,TOMBSTONE,LOW,,orfao,SEM_ARQUIVO; operacao externa
20260811500005,,no,yes,,B5a,BACKFILL-FILE,HIGH,,orfao,VIVO_SNAP:FUNCTION:zapp.fn_upsert_lid_identity
20260811500006,,no,yes,,B5b,TOMBSTONE,LOW,,orfao,SEM_ARQUIVO; operacao externa
20260811600001,,no,yes,,B5a,BACKFILL-FILE,HIGH,,orfao,VIVO_SNAP:FUNCTION:zapp.fn_upsert_lid_identity
20260811600002,,no,yes,,B5a,BACKFILL-FILE,HIGH,,orfao,VIVO_SNAP:VIEW:evo.v_logpatch_health
20260811600003,,no,yes,,B5a,BACKFILL-FILE,HIGH,,orfao,VIVO_SNAP:VIEW:evo.v_logpatch_health
20260811600004,,no,yes,,B5b,TOMBSTONE,LOW,,orfao,OBJ_MORTO:INDEX:public.idx_ec_instance_phone;INDEX:public.idx_ec_instance_jid
20260811600005,,no,yes,,B5b,TOMBSTONE,LOW,,orfao,SEM_ARQUIVO; operacao externa
20260811600006,,no,yes,,B5a,BACKFILL-FILE,MED,,orfao,VIVO_SNAP:SCHEMA:ops
20260811700001,,no,yes,,B5a,BACKFILL-FILE,HIGH,,orfao,VIVO_SNAP:FUNCTION:zapp.fn_upsert_lid_identity
20260811700002,,no,yes,,B5a,BACKFILL-FILE,HIGH,,orfao,VIVO_SNAP:FUNCTION:zapp.fn_upsert_lid_identity
20260811700003,,no,yes,,B5a,BACKFILL-FILE,HIGH,,orfao,VIVO_SNAP:FUNCTION:zapp.fn_upsert_lid_identity
20260811700004,,no,yes,,B5b,TOMBSTONE,LOW,,orfao,COMMENT; ALTER (ja no live)
20260811700005,,no,yes,,B5b,TOMBSTONE,LOW,,orfao,COMMENT; ALTER (ja no live)
20260811700006,,no,yes,,B5a,BACKFILL-FILE,HIGH,,orfao,VIVO_SNAP:FUNCTION:zapp.fn_upsert_lid_identity
20260811700007,,no,yes,,B5a,BACKFILL-FILE,HIGH,,orfao,VIVO_SNAP:FUNCTION:zapp.fn_upsert_lid_identity
20260811800001,,no,yes,,B5a,BACKFILL-FILE,HIGH,,orfao,VIVO_SNAP:FUNCTION:zapp.fn_upsert_lid_identity
20260811800002,,no,yes,,B5a,BACKFILL-FILE,HIGH,,orfao,VIVO_SNAP:FUNCTION:zapp.fn_upsert_lid_identity
20260811800003,,no,yes,,B5a,BACKFILL-FILE,HIGH,,orfao,VIVO_SNAP:FUNCTION:zapp.fn_upsert_lid_identity
20260811800004,,no,yes,,B5a,BACKFILL-FILE,HIGH,,orfao,VIVO_SNAP:FUNCTION:zapp.fn_upsert_lid_identity
20260811800005,,no,yes,,B5a,BACKFILL-FILE,HIGH,,orfao,VIVO_NONZAPP:FUNCTION:evo.fn_sync_lid_from_api;FUNCTION:evo.fn_sync_lid_from_api
20260811900001,,no,yes,,B5a,BACKFILL-FILE,HIGH,,orfao,VIVO_SNAP:FUNCTION:zapp.fn_upsert_lid_identity
20260811900002,,no,yes,,B5a,BACKFILL-FILE,HIGH,,orfao,VIVO_SNAP:FUNCTION:zapp.fn_upsert_lid_identity
20260811900003,,no,yes,,B5a,BACKFILL-FILE,HIGH,,orfao,VIVO_SNAP:FUNCTION:zapp.fn_upsert_lid_identity
20260811900004,,no,yes,,B5a,BACKFILL-FILE,HIGH,,orfao,VIVO_SNAP:FUNCTION:zapp.fn_upsert_lid_identity
20260811900005,,no,yes,,B5a,BACKFILL-FILE,HIGH,,orfao,VIVO_SNAP:FUNCTION:zapp.fn_upsert_lid_identity
20260811990001,,no,yes,,B5b,TOMBSTONE,LOW,,orfao,SEM_ARQUIVO; operacao externa
20260811990002,,no,yes,,B5b,TOMBSTONE,LOW,,orfao,SEM_ARQUIVO; operacao externa
20260811990003,,no,yes,,B5a,BACKFILL-FILE,HIGH,,orfao,VIVO_SNAP:FUNCTION:zapp.fn_upsert_lid_identity
20260811990004,,no,yes,,B5a,BACKFILL-FILE,HIGH,,orfao,VIVO_NONZAPP:FUNCTION:evo.fn_sync_lid_from_api;FUNCTION:evo.fn_sync_lid_from_api
20260811990005,,no,yes,,B5a,BACKFILL-FILE,HIGH,,orfao,VIVO_SNAP:FUNCTION:zapp.fn_upsert_lid_identity
20260811990006,,no,yes,,B5b,TOMBSTONE,LOW,,orfao,REVOKE; ALTER; UPDATE (ja no live)
20260811A10001,,no,yes,,B5b,TOMBSTONE,LOW,,orfao,SEM_ARQUIVO; operacao externa
20260811A10002,,no,yes,,B5b,TOMBSTONE,LOW,,orfao,OBJ_MORTO:INDEX:public.idx_ec_instance_phone;INDEX:public.idx_ec_instance_jid
20260811A10003,,no,yes,,B5a,BACKFILL-FILE,HIGH,,orfao,VIVO_SNAP:FUNCTION:zapp.fn_upsert_lid_identity
20260811A10004,,no,yes,,B5a,BACKFILL-FILE,HIGH,,orfao,VIVO_SNAP:FUNCTION:zapp.fn_upsert_lid_identity
20260811A10005,,no,yes,,B5a,BACKFILL-FILE,HIGH,,orfao,VIVO_SNAP:FUNCTION:zapp.fn_upsert_lid_identity
20260811A10006,,no,yes,,B5a,BACKFILL-FILE,HIGH,,orfao,VIVO_SNAP:FUNCTION:zapp.fn_upsert_lid_identity
20260811A20001,,no,yes,,B5a,BACKFILL-FILE,HIGH,,orfao,VIVO_SNAP:FUNCTION:zapp.fn_upsert_lid_identity
20260811A20002,,no,yes,,B5a,BACKFILL-FILE,HIGH,,orfao,VIVO_SNAP:FUNCTION:zapp.fn_upsert_lid_identity
20260811A20003,,no,yes,,B5a,BACKFILL-FILE,HIGH,,orfao,VIVO_SNAP:FUNCTION:zapp.fn_upsert_lid_identity
20260811A20004,,no,yes,,B5b,TOMBSTONE,LOW,,orfao,SEM_ARQUIVO; operacao externa
20260811A20005,,no,yes,,B5a,BACKFILL-FILE,HIGH,,orfao,VIVO_SNAP:FUNCTION:zapp.fn_upsert_lid_identity
20260811A20006,,no,yes,,B5b,TOMBSTONE,LOW,,orfao,OBJ_MORTO:INDEX:public.idx_ec_instance_phone;INDEX:public.idx_ec_instance_jid
20260811B30001,,no,yes,,B5a,BACKFILL-FILE,HIGH,,orfao,VIVO_SNAP:FUNCTION:zapp.fn_upsert_lid_identity
20260811B30002,,no,yes,,B5b,TOMBSTONE,LOW,,orfao,DROP; ALTER (ja no live)
20260811B30003,,no,yes,,B5a,BACKFILL-FILE,HIGH,,orfao,VIVO_NONZAPP:FUNCTION:evo.fn_sync_lid_from_api;FUNCTION:evo.fn_sync_lid_from_api
20260811B30004,,no,yes,,B5b,TOMBSTONE,LOW,,orfao,SEM_ARQUIVO; operacao externa
20260811B30005,,no,yes,,B5b,TOMBSTONE,LOW,,orfao,SEM_ARQUIVO; operacao externa
20260811B30006,,no,yes,,B5b,TOMBSTONE,LOW,,orfao,SEM_ARQUIVO; operacao externa
20260811B40001,,no,yes,,B5a,BACKFILL-FILE,HIGH,,orfao,VIVO_SNAP:FUNCTION:zapp.fn_upsert_lid_identity
20260811B40002,,no,yes,,B5a,BACKFILL-FILE,HIGH,,orfao,VIVO_SNAP:FUNCTION:zapp.fn_upsert_lid_identity
20260811B40003,,no,yes,,B5b,TOMBSTONE,LOW,,orfao,SEM_ARQUIVO; operacao externa
20260811B40004,,no,yes,,B5b,TOMBSTONE,LOW,,orfao,SEM_ARQUIVO; operacao externa
20260811B40005,,no,yes,,B5b,TOMBSTONE,LOW,,orfao,SEM_ARQUIVO; operacao externa
20260811B40006,,no,yes,,B5a,BACKFILL-FILE,HIGH,,orfao,VIVO_SNAP:FUNCTION:zapp.fn_upsert_lid_identity
20260811B40007,,no,yes,,B5b,TOMBSTONE,LOW,,orfao,SEM_ARQUIVO; operacao externa
20260811B40008,,no,yes,,B5b,TOMBSTONE,LOW,,orfao,SEM_ARQUIVO; operacao externa
20260811B40009,,no,yes,,B5b,TOMBSTONE,LOW,,orfao,ARQUIVO_SOMENTE_COMENTARIOS/DOC
20260811B50001,,no,yes,,B5a,BACKFILL-FILE,HIGH,,orfao,VIVO_SNAP:FUNCTION:zapp.bulk_soft_delete_contacts
20260811B50002,,no,yes,,B5a,BACKFILL-FILE,HIGH,,orfao,VIVO_SNAP:FUNCTION:zapp.fn_upsert_lid_identity
20260811B50003,,no,yes,,B5b,TOMBSTONE,LOW,,orfao,OBJ_MORTO:INDEX:public.idx_ec_instance_phone;INDEX:public.idx_ec_instance_jid
20260811B50004,,no,yes,,B5a,BACKFILL-FILE,HIGH,,orfao,VIVO_NONZAPP:FUNCTION:ops.fn_ci_check_cron_health
20260811B50005,,no,yes,,B5b,TOMBSTONE,LOW,,orfao,ARQUIVO_SOMENTE_COMENTARIOS/DOC
20260811B60001,,no,yes,,B5b,TOMBSTONE,LOW,,orfao,SEM_ARQUIVO; operacao externa
20260811B60002,,no,yes,,B5b,TOMBSTONE,LOW,,orfao,SEM_ARQUIVO; operacao externa
20260811B60003,,no,yes,,B5b,TOMBSTONE,LOW,,orfao,SEM_ARQUIVO; operacao externa
20260811B70001,,no,yes,,B5b,TOMBSTONE,LOW,,orfao,SEM_ARQUIVO; operacao externa
20260811B70002,,no,yes,,B5b,TOMBSTONE,LOW,,orfao,SEM_ARQUIVO; operacao externa
20260811B70003,,no,yes,,B5a,BACKFILL-FILE,HIGH,,orfao,VIVO_SNAP:FUNCTION:zapp.fn_upsert_lid_identity
20260811B70004,,no,yes,,B5b,TOMBSTONE,LOW,,orfao,SEM_ARQUIVO; operacao externa
20260811B70005,,no,yes,,B5a,BACKFILL-FILE,HIGH,,orfao,VIVO_SNAP:FUNCTION:zapp.fn_upsert_lid_identity
20260811B80001,,no,yes,,B5a,BACKFILL-FILE,HIGH,,orfao,VIVO_SNAP:FUNCTION:zapp.fn_upsert_lid_identity
20260811B80002,,no,yes,,B5b,TOMBSTONE,LOW,,orfao,SEM_ARQUIVO; operacao externa
20260811B80003,,no,yes,,B5b,TOMBSTONE,LOW,,orfao,SEM_ARQUIVO; operacao externa
20260811B80004,,no,yes,,B5b,TOMBSTONE,LOW,,orfao,SEM_ARQUIVO; operacao externa
20260811B90001,,no,yes,,B5b,TOMBSTONE,LOW,,orfao,REVOKE; ALTER; UPDATE (ja no live)
20260811B90002,,no,yes,,B5b,TOMBSTONE,LOW,,orfao,REVOKE; GRANT (ja no live)
20260811B90003,,no,yes,,B5b,TOMBSTONE,LOW,,orfao,SEM_ARQUIVO; operacao externa
20260812160000,20260812160000_fix_trigger_lead_status.sql,yes,yes,fix_trigger_lead_status,B2,ARCHIVE,MED,yes,agent,16	20260812160000_fix_trigger_lead_status.sql	20260812160000	yes	fix_trigger_lead_status	B2	DDL objects in snapshot (1hi
20260812163000,,no,yes,,B5b,TOMBSTONE,LOW,,orfao,SEM_ARQUIVO; operacao externa
20260812170000,20260812170000_health_filter_snap_staging.sql,yes,yes,health_filter_snap_staging,B2,ARCHIVE,MED,yes,agent,17	20260812170000_health_filter_snap_staging.sql	20260812170000	yes	health_filter_snap_staging	B2	DDL objects in snapsho
20260812700001,,no,yes,,B5b,TOMBSTONE,LOW,,orfao,ARQUIVO_SOMENTE_COMENTARIOS/DOC
20260812700002,,no,yes,,B5b,TOMBSTONE,LOW,,orfao,SEM_ARQUIVO; operacao externa
20260812700003,,no,yes,,B5b,TOMBSTONE,LOW,,orfao,SEM_ARQUIVO; operacao externa
20260812800001,,no,yes,,B5b,TOMBSTONE,LOW,,orfao,SEM_ARQUIVO; operacao externa
20260812A00001,,no,yes,,B5b,TOMBSTONE,LOW,,orfao,REVOKE; ALTER; UPDATE (ja no live)
20260812A00002,,no,yes,,B5b,TOMBSTONE,LOW,,orfao,SEM_OPERACOES (ja no live)
20260812A00003,,no,yes,,B5b,TOMBSTONE,LOW,,orfao,REVOKE; ALTER; UPDATE (ja no live)
20260812A00004,,no,yes,,B5b,TOMBSTONE,LOW,,orfao,SEM_ARQUIVO; operacao externa
20260812A00005,,no,yes,,B5b,TOMBSTONE,LOW,,orfao,SEM_ARQUIVO; operacao externa
20260812A00006,,no,yes,,B5b,TOMBSTONE,LOW,,orfao,COMMENT; ALTER (ja no live)
20260812A00007,,no,yes,,B5b,TOMBSTONE,LOW,,orfao,SEM_ARQUIVO; operacao externa
20260812A00008,,no,yes,,B5b,TOMBSTONE,LOW,,orfao,SEM_ARQUIVO; operacao externa
20260812A00009,,no,yes,,B5a,BACKFILL-FILE,HIGH,,orfao,VIVO_SNAP:FUNCTION:public.fn_system_health_score
20260812A00010,,no,yes,,B5b,TOMBSTONE,LOW,,orfao,SEM_ARQUIVO; operacao externa
20260812B00001,,no,yes,,B5b,TOMBSTONE,LOW,,orfao,SEM_ARQUIVO; operacao externa
20260813180000,20260813180000_rpc_log_evolution_health.sql,yes,yes,rpc_log_evolution_health,B2,ARCHIVE,MED,yes,agent,18	20260813180000_rpc_log_evolution_health.sql	20260813180000	yes	rpc_log_evolution_health	B2	DDL objects in snapshot (1
20260813220000,20260813220000_idx_fk_without_index.sql,yes,yes,20260813220000_idx_fk_without_index,B2,ARCHIVE,MED,yes,agent,19	20260813220000_idx_fk_without_index.sql	20260813220000	yes	20260813220000_idx_fk_without_index	B2	DDL objects in snap
20260813230000,20260813230000_fix_notify_and_analyze_cron.sql,yes,yes,20260813230000_fix_notify_and_analyze_cron,B2,ARCHIVE,MED,yes,agent,20	20260813230000_fix_notify_and_analyze_cron.sql	20260813230000	yes	20260813230000_fix_notify_and_analyze_cron	B2	Creat
20260813240000,20260813240000_h2_revoke_views_backcompat_grupo_a.sql,yes,yes,20260813240000_h2_revoke_views_backcompat_grupo_a,B2,ARCHIVE,MED,yes,agent,21	20260813240000_h2_revoke_views_backcompat_grupo_a.sql	20260813240000	yes	20260813240000_h2_revoke_views_backcompat_gr
20260814010000,20260814010000_fix_inbound_silencio_comercial.sql,yes,yes,20260814010000_fix_inbound_silencio_comercial,B2,ARCHIVE,MED,yes,agent,22	20260814010000_fix_inbound_silencio_comercial.sql	20260814010000	yes	20260814010000_fix_inbound_silencio_comercial	B2
20260814020000,20260814020000_revoke_credentials_auth_grants.sql,yes,yes,20260814020000_revoke_credentials_auth_grants,B2,ARCHIVE,MED,no,agent,1	20260814020000	20260814020000_revoke_credentials_auth_grants.sql	B2	REVOKE INSERT/UPDATE on zapp.evolution_instance_cr
20260814030000,20260814030000_fix_health_score_cron_orphan_join.sql,yes,yes,20260814030000_fix_health_score_cron_orphan_join,B2,ARCHIVE,MED,,agent,2	20260814030000	20260814030000_fix_health_score_cron_orphan_join.sql	B2	DO block modifies zapp.fn_system_health_score()
20260814040000,20260814040000_revoke_service_only_tables_auth_write.sql,yes,yes,20260814040000_revoke_service_only_tables_auth_write,B2,ARCHIVE,MED,,agent,3	20260814040000	20260814040000_revoke_service_only_tables_auth_write.sql	B2	REVOKE INSERT/UPDATE/DELETE on zapp.cron_in
20260814050000,20260814050000_fix_notify_v6_pending_view.sql,yes,yes,20260814050000_fix_notify_v6_pending_view,B2,ARCHIVE,MED,no,agent,4	20260814050000	20260814050000_fix_notify_v6_pending_view.sql	B2	Creates ops.pending_critical_alerts VIEW and ops.fn_no
20260814060000,20260814060000_fix_wpp2_uptime_kpi_warn_resolve.sql,yes,yes,20260814060000_fix_wpp2_uptime_kpi_warn_resolve,B2,ARCHIVE,MED,,agent,5	20260814060000	20260814060000_fix_wpp2_uptime_kpi_warn_resolve.sql	B2	CREATE OR REPLACE evo.fn_wpp2_uptime_kpi() + DRO
20260814100000,20260814100000_f4_audit_rpc_fixes.sql,yes,yes,20260814100000_f4_audit_rpc_fixes,B2,ARCHIVE,MED,,agent,6	20260814100000	20260814100000_f4_audit_rpc_fixes.sql	B2	10 functions (rpc_delete_message; rpc_insert_message; rpc_mark
20260814110000,20260814110000_f4_security_unread_fixes.sql,yes,yes,f4_security_unread_fixes,B2,ARCHIVE,MED,,agent,7	20260814110000	20260814110000_f4_security_unread_fixes.sql	B2	REVOKE fn_process_whatsapp_message + DROP/CREATE rpc_mar
20260814120000,20260814120000_fix_cron_detect401_bursts_active.sql,yes,yes,20260814120000_fix_cron_detect401_bursts_active,B2,ARCHIVE,MED,no,agent,8	20260814120000	20260814120000_fix_cron_detect401_bursts_active.sql	B2	cron.schedule() + UPDATE cron.job. No DDL object
20260814130000,20260814130000_fn_health_preflight_check9_vault_key.sql,yes,yes,20260814130000_fn_health_preflight_check9_vault_key,B2,ARCHIVE,MED,,agent,9	20260814130000	20260814130000_fn_health_preflight_check9_vault_key.sql	B2	CREATE OR REPLACE zapp.fn_health_preflight()
20260814140000,20260814140000_rls_policy_evo_reconcile_snapshot.sql,yes,yes,20260814140000_rls_policy_evo_reconcile_snapshot,B2,ARCHIVE,MED,,agent,10	20260814140000	20260814140000_rls_policy_evo_reconcile_snapshot.sql	B2	DROP POLICY IF EXISTS + CREATE POLICY authenti
20260814150000,20260814150000_fix_fn_detect_401_bursts_dedup.sql,yes,yes,20260814150000_fix_fn_detect_401_bursts_dedup,B2,ARCHIVE,MED,,agent,11	20260814150000	20260814150000_fix_fn_detect_401_bursts_dedup.sql	B2	CREATE OR REPLACE evo.fn_detect_401_bursts() + DE
20260814210000,20260814210000_mirror_rpcs_claim_update_followup.sql,yes,yes,mirror_rpcs_claim_update_followup,B2,ARCHIVE,MED,,agent,12	20260814210000	20260814210000_mirror_rpcs_claim_update_followup.sql	B2	5 mirror RPCs (rpc_claim_outbound_message; rpc
20260814220000,20260814220000_mirror_fn_validate_whatsapp_connection.sql,yes,yes,mirror_fn_validate_whatsapp_connection,B2,ARCHIVE,MED,,agent,13	20260814220000	20260814220000_mirror_fn_validate_whatsapp_connection.sql	B2	Mirror: zapp.fn_validate_whatsapp_connect
20260814230000,20260814230000_mirror_fn_validate_0arg.sql,yes,yes,mirror_fn_validate_0arg,B2,ARCHIVE,MED,,agent,14	20260814230000	20260814230000_mirror_fn_validate_0arg.sql	B2	Mirror: zapp.fn_validate_whatsapp_connection_url() 0-arg
20260815090000,20260815090000_decouple_e31_zapp_check_license_heartbeat.sql,yes,yes,unify_whatsapp_mode,B3,ARCHIVE,MED,,agent,15	20260815090000	20260815090000_decouple_e31_zapp_check_license_heartbeat.sql	B3	E31: CREATE OR REPLACE zapp.fn_check_l
20260815124500,20260815124500_unify_whatsapp_mode.sql,yes,yes,unify_whatsapp_mode,B2,ARCHIVE,MED,,agent,16	20260815124500	20260815124500_unify_whatsapp_mode.sql	B2	Creates rpc_get/set_whatsapp_mode; zapp.vw_whatsapp_mode; AL
20260815130000,20260815130000_decouple_e35_zapp_escalate_critical_alerts.sql,yes,yes,decouple_e35_zapp_escalate_critical_alerts,B2,ARCHIVE,MED,,agent,17	20260815130000	20260815130000_decouple_e35_zapp_escalate_critical_alerts.sql	B2	CREATE OR REPLACE zapp.fn_escalate_cr
20260815160000,20260815160000_decouple_e38_multi_functions.sql,yes,yes,decouple_e38_multi_functions,B2,ARCHIVE,MED,,agent,18	20260815160000	20260815160000_decouple_e38_multi_functions.sql	B2	CREATE OR REPLACE zapp.fn_send_bitrix_alert(). Conf
20260815200001,20260815200001_decouple_i4_license_heartbeat.sql,yes,yes,decouple_i4_license_heartbeat,B2,ARCHIVE,MED,,agent,19	20260815200001	20260815200001_decouple_i4_license_heartbeat.sql	B2	I4: CREATE OR REPLACE zapp.fn_check_license_heartb
20260815200002,20260815200002_decouple_i4_wa_status_media.sql,yes,yes,decouple_i4_wa_status_media,B2,ARCHIVE,MED,,agent,20	20260815200002	20260815200002_decouple_i4_wa_status_media.sql	B2	I4: CREATE OR REPLACE evo.fn_download_wa_status_medi
20260815200003,20260815200003_decouple_i4_audio_transcription.sql,yes,yes,decouple_i4_audio_transcription,B2,ARCHIVE,MED,,agent,21	20260815200003	20260815200003_decouple_i4_audio_transcription.sql	B2	I4: CREATE OR REPLACE evo.fn_trigger_audio_trans
20260815200004,20260815200004_decouple_i4_instance_recreate.sql,yes,yes,decouple_i4_instance_recreate,B2,ARCHIVE,MED,,agent,22	20260815200004	20260815200004_decouple_i4_instance_recreate.sql	B2	I4: CREATE OR REPLACE evo.fn_detect_instance_recre
20260815200005,20260815200005_decouple_i4_restore_logs.sql,yes,yes,decouple_i4_restore_logs,B2,ARCHIVE,MED,no,agent,20260815200005	20260815200005_decouple_i4_restore_logs.sql	B2	CREATE OR REPLACE zapp.fn_collect_restore_logs; definido n
20260815200006,20260815200006_decouple_i4_cookie_dispatch.sql,yes,yes,decouple_i4_cookie_dispatch,B2,ARCHIVE,MED,no,agent,20260815200006	20260815200006_decouple_i4_cookie_dispatch.sql	B2	CREATE OR REPLACE zapp.fn_cookie_probe_dispatch; defini
20260815200007,20260815200007_decouple_i4_cookie_real.sql,yes,yes,decouple_i4_cookie_real,B2,ARCHIVE,MED,no,agent,20260815200007	20260815200007_decouple_i4_cookie_real.sql	B2	CREATE OR REPLACE zapp.fn_cookie_real_probe; definido no sn
20260815200008,20260815200008_decouple_i4_sicoob.sql,yes,yes,decouple_i4_sicoob,B2,ARCHIVE,MED,no,agent,20260815200008	20260815200008_decouple_i4_sicoob.sql	B2	CREATE evo.fn_notify_sicoob_on_reply (trigger fn); refs no snaps
20260815200009,20260815200009_decouple_i4_evo_v2.sql,yes,yes,decouple_i4_evo_v2,B2,ARCHIVE,MED,no,agent,20260815200009	20260815200009_decouple_i4_evo_v2.sql	B2	CREATE ops.fn_evo_url_v2 + fn_evo_key_v2 + DO block deprec; refs
20260815200010,20260815200010_decouple_i4_infra_secrets.sql,yes,yes,decouple_i4_infra_secrets,B2,ARCHIVE,MED,no,agent,20260815200010	20260815200010_decouple_i4_infra_secrets.sql	B2	CREATE ops.fn_get_vault_secret + 10 vault.create_secret; 
20260815200011,20260815200011_decouple_i4_resend.sql,yes,yes,decouple_i4_resend,B2,ARCHIVE,MED,no,agent,20260815200011	20260815200011_decouple_i4_resend.sql	B2	CREATE OR REPLACE ops.fn_notify_critical_alerts; refs ops/zapp/e
20260815200012,20260815200012_decouple_i4_purge_storage_cache.sql,yes,yes,decouple_i4_purge_storage_cache,B2,ARCHIVE,MED,yes,agent,20260815200012	20260815200012_decouple_i4_purge_storage_cache.sql	B2	CREATE OR REPLACE evo.fn_purge_storage_cache; db_re
20260815200013,20260815200013_decouple_i4_wal_slots.sql,yes,yes,decouple_i4_wal_slots,B2,ARCHIVE,MED,no,agent,20260815200013	20260815200013_decouple_i4_wal_slots.sql	B2	CREATE OR REPLACE ops.fn_check_wal_slots; refs no snapshot; d
20260815210000,20260815210000_decouple_e41_i1_contract_views.sql,yes,yes,decouple_e41_i1_contract_views,B2,ARCHIVE,MED,no,agent,20260815210000	20260815210000_decouple_e41_i1_contract_views.sql	B2	CREATE OR REPLACE VIEW zapp.evolution_webhook_events
20260815211000,20260815211000_decouple_e42_fn_archive_old_wpp2_messages.sql,yes,yes,decouple_e42_fn_archive_old_wpp2_messages,B2,ARCHIVE,MED,no,agent,20260815211000	20260815211000_decouple_e42_fn_archive_old_wpp2_messages.sql	B2	CREATE OR REPLACE zapp.fn_archive_old_wpp
20260815240000,20260815240000_decouple_fase4_lote1_e55_e57_e48.sql,yes,yes,decouple_fase4_lote1_e55_e57_e48,B2,ARCHIVE,MED,no,agent,20260815240000	20260815240000_decouple_fase4_lote1_e55_e57_e48.sql	B2	CREATE zapp.fn_uuid_safe + ALTER FUNCTION evo->zap
20260815250000,20260815250000_decouple_e20_fn_boundary_audit_rpc.sql,yes,yes,decouple_e20_fn_boundary_audit_rpc,B2,ARCHIVE,MED,yes,agent,20260815250000	20260815250000_decouple_e20_fn_boundary_audit_rpc.sql	B2	CREATE ops.fn_boundary_audit; db_record=yes; ARC
20260815250001,20260815250001_decouple_e46_searchpath_evo_sem_zapp_safe.sql,yes,yes,decouple_e46_searchpath_evo_sem_zapp_safe,B2,ARCHIVE,MED,yes,agent,20260815250001	20260815250001_decouple_e46_searchpath_evo_sem_zapp_safe.sql	B2	DO block ALTER search_path evo fns (remov
20260815250002,20260815250002_decouple_e20_public_wrapper_fn_boundary_audit.sql,yes,yes,decouple_e20_public_wrapper_fn_boundary_audit,B2,ARCHIVE,MED,yes,agent,20260815250002	20260815250002_decouple_e20_public_wrapper_fn_boundary_audit.sql	B2	CREATE public.fn_boundary_audit (wrap
20260815250003,20260815250003_decouple_e47_e48_searchpath_evo_sem_zapp_completo.sql,yes,yes,decouple_e47_e48_searchpath_evo_sem_zapp_completo,B2,ARCHIVE,MED,yes,agent,20260815250003	20260815250003_decouple_e47_e48_searchpath_evo_sem_zapp_completo.sql	B2	DO block ALTER search_path evo fn
20260815250004,20260815250004_fix_lid_health_report_idx_schema.sql,yes,yes,fix_lid_health_report_idx_schema,B2,ARCHIVE,MED,yes,agent,20260815250004	20260815250004_fix_lid_health_report_idx_schema.sql	B2	DO block fix evo.fn_lid_health_report (evo→zapp id
20260815250005,20260815250005_decouple_e80_revoke_authenticated_evo_views_contrato.sql,yes,yes,decouple_e80_revoke_authenticated_evo_views_contrato,B2,ARCHIVE,MED,yes,agent,20260815250005	20260815250005_decouple_e80_revoke_authenticated_evo_views_contrato.sql	B2	DO block ALTER VIEW security_i
20260815250006,20260815250006_decouple_e50_drop_33_fns_mortas.sql,yes,yes,decouple_e50_drop_33_fns_mortas,B4,DELETE,MED,,agent,20260815250006	20260815250006_decouple_e50_drop_33_fns_mortas.sql	B4	DROP 33 evo functions + 1 evo view; sem CREATE; obj
20260815250007,20260815250007_decouple_e64_e66_drop_fks_cruzadas_reconciliador.sql,yes,yes,decouple_e64_e66_drop_fks_cruzadas_reconciliador,B2,ARCHIVE,MED,yes,agent,20260815250007	20260815250007_decouple_e64_e66_drop_fks_cruzadas_reconciliador.sql	B2	DROP 2 FK evo→zapp + CREATE evo.fn
20260815250008,20260815250008_decouple_e59_e60_lote1_move_8_fns_monitoria.sql,yes,yes,decouple_e59_e60_lote1_move_8_fns_monitoria,B2,ARCHIVE,MED,no,agent,20260815250008	20260815250008_decouple_e59_e60_lote1_move_8_fns_monitoria.sql	B2	CREATE 8 zapp fns (monitoria) + DROP ev
20260815250009,20260815250009_decouple_e59_e60_lote2_move_3_fns_monitoria.sql,yes,yes,decouple_e59_e60_lote2_move_3_fns_monitoria,B2,ARCHIVE,MED,no,agent,20260815250009	20260815250009_decouple_e59_e60_lote2_move_3_fns_monitoria.sql	B2	CREATE 3 zapp fns (monitoria) + DROP ev
20260815250010,20260815250010_decouple_e53_e85_audit_v2_roles_provider_call_3_bypasses.sql,yes,yes,decouple_e53_e85_audit_v2_roles_provider_call_3_bypasses,B2,ARCHIVE,MED,no,agent,1	20260815250010	20260815250010_decouple_e53_e85_audit_v2_roles_provider_call_3_bypasses.sql	B2	Arquivo+db_record+2/2 za
20260815250011,20260815250011_decouple_e78_min_4_views_leitura_evo.sql,yes,yes,decouple_e78_min_4_views_leitura_evo,B2,ARCHIVE,MED,yes,agent,2	20260815250011	20260815250011_decouple_e78_min_4_views_leitura_evo.sql	B2	Arquivo+db_record+REPLAY public (fora do esc
20260815250012,20260815250012_decouple_e51_e52_e54_rpc_boundary_surface_v1_grants_teste_negativo.sql,yes,yes,decouple_e51_e52_e54_rpc_boundary_surface_v1_grants_teste_ne,B2,ARCHIVE,MED,no,agent,3	20260815250012	20260815250012_decouple_e51_e52_e54_rpc_boundary_surface_v1_grants_teste_negativo.sql	B2	Arquivo+db_rec
20260815250013,20260815250013_decouple_e62_repoint_8_escritoras_lote3_move_5_fns_i8_zerado.sql,yes,yes,decouple_e62_repoint_8_escritoras_lote3_move_5_fns_i8_zerado,B2,ARCHIVE,MED,no,agent,4	20260815250013	20260815250013_decouple_e62_repoint_8_escritoras_lote3_move_5_fns_i8_zerado.sql	B2	Arquivo+db_record+12
20260815250014,20260815250014_decouple_lote4_move_6_fns_views_e78_drops_codigo_morto_fase2_events_rpcs.sql,yes,yes,decouple_lote4_move_6_fns_views_e78_drops_codigo_morto_fase2,B2,ARCHIVE,MED,no,agent,5	20260815250014	20260815250014_decouple_lote4_move_6_fns_views_e78_drops_codigo_morto_fase2_events_rpcs.sql	B2	Arquivo+
20260815250015,20260815250015_decouple_fix_metadata_source_table_pos_move_views.sql,yes,yes,decouple_fix_metadata_source_table_pos_move_views,B2,ARCHIVE,MED,no,agent,6	20260815250015	20260815250015_decouple_fix_metadata_source_table_pos_move_views.sql	B2	Arquivo+db_record+2/2 zapp fn/v
20260815250016,20260815250016_decouple_lote5_16_leitoras_i2_views_e78_boundary_rpcs.sql,yes,yes,decouple_lote5_16_leitoras_i2_views_e78_boundary_rpcs,B2,ARCHIVE,MED,no,agent,7	20260815250016	20260815250016_decouple_lote5_16_leitoras_i2_views_e78_boundary_rpcs.sql	B2	Arquivo+db_record+14/14 zap
20260815250017,20260815250017_decouple_move_normalize_jid_triggers_hot_path_evo_para_zapp.sql,yes,yes,decouple_move_normalize_jid_triggers_hot_path_evo_para_zapp,B2,ARCHIVE,MED,no,agent,8	20260815250017	20260815250017_decouple_move_normalize_jid_triggers_hot_path_evo_para_zapp.sql	B2	Arquivo+db_record+2/2
20260815250018,20260815250018_decouple_lote6_5_moves_boundary_heartbeat_i2_zero_ops_restore_check.sql,yes,yes,decouple_lote6_5_moves_boundary_heartbeat_i2_zero_ops_restor,B2,ARCHIVE,MED,no,agent,9	20260815250018	20260815250018_decouple_lote6_5_moves_boundary_heartbeat_i2_zero_ops_restore_check.sql	B2	Arquivo+db_re
20260815250019,20260815250019_decouple_fix_vitimas_e50_list_storage_purge_health_report_canonical_drop.sql,yes,yes,decouple_fix_vitimas_e50_list_storage_purge_health_report_ca,B2,ARCHIVE,MED,yes,agent,10	20260815250019	20260815250019_decouple_fix_vitimas_e50_list_storage_purge_health_report_canonical_drop.sql	B2	Arquivo
20260815250020,20260815250020_decouple_lote7_lote8_12_moves_9_views_e78_repoint_crons.sql,yes,yes,decouple_lote7_lote8_12_moves_9_views_e78_repoint_crons,B2,ARCHIVE,MED,no,agent,11	20260815250020	20260815250020_decouple_lote7_lote8_12_moves_9_views_e78_repoint_crons.sql	B2	Arquivo+db_record+12/12 
20260815250021,20260815250021_decouple_leitoras_reversas_5_views_zapp_7_fns_evo_e2e_boundary_alert.sql,yes,yes,decouple_leitoras_reversas_5_views_zapp_7_fns_evo_e2e_bounda,B2,ARCHIVE,MED,yes,agent,12	20260815250021	20260815250021_decouple_leitoras_reversas_5_views_zapp_7_fns_evo_e2e_boundary_alert.sql	B2	Arquivo+db_
20260815250022,20260815250022_lote9_fase_a_boundaries_triggers_cruzados.sql,yes,yes,lote9_fase_a_boundaries_triggers_cruzados,B2,ARCHIVE,MED,no,agent,13	20260815250022	20260815250022_lote9_fase_a_boundaries_triggers_cruzados.sql	B2	Arquivo+db_record+3/3 zapp fn/view no 
20260815250023,20260815250023_lote9_fase_b_probe_scrub_backcompat_moves_boundary_pipeline_health.sql,yes,yes,lote9_fase_b_probe_scrub_backcompat_moves_boundary_pipeline_,B2,ARCHIVE,MED,no,agent,14	20260815250023	20260815250023_lote9_fase_b_probe_scrub_backcompat_moves_boundary_pipeline_health.sql	B2	Arquivo+db_re
20260815250024,20260815250024_lote9_fase_c_cluster_lid_3_boundaries_wrapper_apply_suites_views.sql,yes,yes,lote9_fase_c_cluster_lid_3_boundaries_wrapper_apply_suites_v,B2,ARCHIVE,MED,no,agent,15	20260815250024	20260815250024_lote9_fase_c_cluster_lid_3_boundaries_wrapper_apply_suites_views.sql	B2	Arquivo+db_reco
20260816000000,,no,yes,,B5a,BACKFILL-FILE,HIGH,,orfao,VIVO_SNAP:FUNCTION:zapp.fn_wal_slot_lag_check
20260816090000,20260816090000_drop_dead_functions_zapp_evo.sql,yes,yes,drop_dead_functions_zapp_evo,B4,DELETE,MED,yes,agent,16	20260816090000	20260816090000_drop_dead_functions_zapp_evo.sql	B4	Gerado NÃO APLICADO — DROP-only; delete	drops=0; db
20260816140000,20260816140000_decouple_i1_i2_zerar.sql,yes,yes,decouple_i1_i2_zerar,B2,ARCHIVE,MED,no,agent,17	20260816140000	20260816140000_decouple_i1_i2_zerar.sql	B2	Arquivo+db_record+3/3 zapp fn/view no snapshot ARCHIVE	zapp
20260816141000,20260816141000_decouple_i1_i2_fix2.sql,yes,yes,decouple_i1_i2_fix2,B2,ARCHIVE,MED,no,agent,18	20260816141000	20260816141000_decouple_i1_i2_fix2.sql	B2	Arquivo+db_record+1/1 zapp fn/view no snapshot ARCHIVE	zapp_
20260816160000,,no,yes,,B5b,TOMBSTONE,LOW,,orfao,SEM_ARQUIVO; operacao externa
20260816170000,20260816170000_decouple_e86_egress_log.sql,yes,yes,decouple_e86_egress_log,B2,ARCHIVE,MED,no,agent,19	20260816170000	20260816170000_decouple_e86_egress_log.sql	B2	Arquivo+db_record+2/2 zapp fn/view no snapshot ARCHIVE	z
20260816220000,20260816220000_e90_prereqs_failed_messages_unique_idem_key_cron_reprocess.sql,yes,yes,e90_prereqs_failed_messages_unique_idem_key_cron_reprocess,B2,ARCHIVE,MED,yes,agent,20	20260816220000	20260816220000_e90_prereqs_failed_messages_unique_idem_key_cron_reprocess.sql	B2	Arquivo+db_record+DDL
20260816230000,,no,yes,,B5b,TOMBSTONE,LOW,,orfao,REVOKE (ja no live)
20260816250001,20260816250001_decouple_e86_ops_observabilidade_8_objetos.sql,yes,yes,decouple_e86_ops_observabilidade_8_objetos,B2,ARCHIVE,MED,yes,agent,21	20260816250001	20260816250001_decouple_e86_ops_observabilidade_8_objetos.sql	B2	Arquivo+db_record+Cria em schemas sem
20260816250002,20260816250002_decouple_preflight_cron_alerta_canary_repoint.sql,yes,yes,decouple_preflight_cron_alerta_canary_repoint,B2,ARCHIVE,MED,no,agent,22	20260816250002	20260816250002_decouple_preflight_cron_alerta_canary_repoint.sql	B2	Arquivo+db_record+1/1 zapp fn/view
20260816250003,20260816250003_decouple_e73_e75_i4_zero.sql,yes,yes,decouple_e73_e75_i4_zero_move_conversations_messages_contact,B2,ARCHIVE,MED,yes,agent,1	20260816250003	20260816250003_decouple_e73_e75_i4_zero.sql	B2	applied_in_db_with_snapshot_effect	22	11	11	yes	decouple
20260816250005,20260816250005_decouple_fix_rls_grants_views_contrato_i5_redef.sql,yes,yes,decouple_fix_rls_grants_views_contrato_i5_redef,B2,ARCHIVE,MED,yes,agent,2	20260816250005	20260816250005_decouple_fix_rls_grants_views_contrato_i5_redef.sql	B2	applied_in_db_with_snapshot_effec
20260816250006,20260816250006_decouple_restaura_wrappers_zapp_vitimas_e50.sql,yes,yes,decouple_restaura_wrappers_zapp_vitimas_e50,B2,ARCHIVE,MED,yes,agent,3	20260816250006	20260816250006_decouple_restaura_wrappers_zapp_vitimas_e50.sql	B2	applied_in_db_with_snapshot_effect	8	
20260816250007,20260816250007_decouple_public_views_invoker_true.sql,yes,yes,decouple_public_views_invoker_true,B2,ARCHIVE,MED,yes,agent,4	20260816250007	20260816250007_decouple_public_views_invoker_true.sql	B2	applied_in_db_with_snapshot_effect	0	0	0	yes	d
20260816250008,20260816250008_decouple_realtime_publication_messages_conversations.sql,yes,yes,decouple_realtime_publication_messages_conversations,B2,ARCHIVE,MED,yes,agent,5	20260816250008	20260816250008_decouple_realtime_publication_messages_conversations.sql	B2	applied_in_db_with_snapshot_
20260816251000,20260816251000_ops_evo_reconciler_least_privilege.sql,yes,yes,ops_evo_reconciler_least_privilege,B2,ARCHIVE,MED,yes,agent,6	20260816251000	20260816251000_ops_evo_reconciler_least_privilege.sql	B2	applied_in_db_registered	5	0	3	yes	ops_evo_rec
20260816260007,20260816260007_fix_views_security_invoker_restantes.sql,yes,yes,fix_views_security_invoker_restantes,B2,ARCHIVE,MED,yes,agent,7	20260816260007	20260816260007_fix_views_security_invoker_restantes.sql	B2	applied_in_db_registered	2	0	1	yes	fix_views
20260817000000,20260817000000_p23_ingest_ledger_rejected.sql,yes,yes,p23_ingest_ledger_rejected,B1,KEEP,MED,,agent,#Buckets: B0=canonical KEEP; B1>=20260817000000 KEEP; B2=file+db_record+snapshot_effect ARCHIVE; B3=superseded ARCHIVE; 
20260817110000,20260817110000_realtime_message_fanout_mirror.sql,yes,yes,realtime_message_fanout_mirror (registrada retroativamente 2,B1,KEEP,MED,yes,agent,9	20260817110000	20260817110000_realtime_message_fanout_mirror.sql	B1	timestamp_future_keep	10	5	7	yes	realtime_message_
20260817120000,20260817120000_rpc_boundary_alerts_fronteira.sql,yes,yes,rpc_boundary_alerts_fronteira,B1,KEEP,MED,yes,agent,10	20260817120000	20260817120000_rpc_boundary_alerts_fronteira.sql	B1	timestamp_future_keep	4	2	2	yes	rpc_boundary_alert
20260817125000,20260817125000_decouple_revoke_contact_phones_write_public_vector.sql,yes,yes,decouple_revoke_contact_phones_write_public_vector,B1,KEEP,MED,yes,agent,11	20260817125000	20260817125000_decouple_revoke_contact_phones_write_public_vector.sql	B1	timestamp_future_keep	0	0	0	y
20260817125500,20260817125500_decouple_fanout_v2_columns_trigger_parent.sql,yes,yes,decouple_fanout_v2_columns_trigger_parent,B1,KEEP,MED,yes,agent,12	20260817125500	20260817125500_decouple_fanout_v2_columns_trigger_parent.sql	B1	timestamp_future_keep	9	4	7	yes	decoup
20260817130000,20260817130000_webhook_events_authenticated_read_admin_only.sql,yes,yes,webhook_events_authenticated_read_admin_only,B1,KEEP,MED,yes,agent,13	20260817130000	20260817130000_webhook_events_authenticated_read_admin_only.sql	B1	timestamp_future_keep	2	1	1	yes	web
20260817130500,20260817130500_decouple_pii_conversations_role_guard.sql,yes,yes,decouple_pii_conversations_role_guard,B1,KEEP,MED,yes,agent,14	20260817130500	20260817130500_decouple_pii_conversations_role_guard.sql	B1	timestamp_future_keep	6	0	3	yes	decouple_p
20260817140000,20260817140000_fix_autofix_invoker_filter.sql,yes,yes,fix_autofix_invoker_filter,B1,KEEP,MED,yes,agent,15	20260817140000	20260817140000_fix_autofix_invoker_filter.sql	B1	timestamp_future_keep	2	2	2	yes	fix_autofix_invoker_f
20260817150000,20260817150000_etapa44_favorite_messages.sql,yes,yes,etapa44_favorite_messages,B1,KEEP,MED,yes,agent,16	20260817150000	20260817150000_etapa44_favorite_messages.sql	B1	timestamp_future_keep	7	5	7	yes	etapa44_favorite_messa
20260817160000,20260817160000_etapa44_pinned_messages.sql,yes,yes,etapa44_pinned_messages,B1,KEEP,MED,yes,agent,17	20260817160000	20260817160000_etapa44_pinned_messages.sql	B1	timestamp_future_keep	8	8	8	yes	etapa44_pinned_messages
20260817170000,20260817170000_etapa44_message_reports.sql,yes,yes,etapa44_message_reports,B1,KEEP,MED,yes,agent,18	20260817170000	20260817170000_etapa44_message_reports.sql	B1	timestamp_future_keep	7	7	7	yes	etapa44_message_reports
20260817180000,20260817180000_etapa66_coins_achievements.sql,yes,yes,etapa66_coins_achievements,B1,KEEP,MED,yes,agent,19	20260817180000	20260817180000_etapa66_coins_achievements.sql	B1	timestamp_future_keep	2	2	2	yes	etapa66_coins_achieve
20260817190000,20260817190000_etapa66_dashboard_metrics_rpcs.sql,yes,yes,etapa66_dashboard_metrics_rpcs,B1,KEEP,MED,yes,agent,20	20260817190000	20260817190000_etapa66_dashboard_metrics_rpcs.sql	B1	timestamp_future_keep	6	3	3	yes	etapa66_dashboard
20260817190001,20260817190001_auth_sessions_rpc.sql,yes,yes,auth_sessions_rpc,B1,KEEP,MED,yes,agent,21	20260817190001	20260817190001_auth_sessions_rpc.sql	B1	timestamp_future_keep	6	3	3	yes	auth_sessions_rpc
20260817190002,20260817190002_sessions_owner_rpc.sql,yes,yes,sessions_owner_rpc,B1,KEEP,MED,yes,agent,22	20260817190002	20260817190002_sessions_owner_rpc.sql	B1	timestamp_future_keep	2	1	1	yes	sessions_owner_rpc
20260817193000,,no,yes,,B5b,TOMBSTONE,LOW,,orfao,SEM_ARQUIVO; operacao externa
20260817200000,20260817200000_etapa66_csat_surveys_hardening.sql,yes,yes,etapa66_csat_surveys_hardening,B1,KEEP,MED,yes,agent,20260817200000	20260817200000_etapa66_csat_surveys_hardening.sql	B1	KEEP - version >= 20260817000000 (recent migration)	
20260817200001,,no,yes,,B5b,TOMBSTONE,LOW,,orfao,SEM_ARQUIVO; operacao externa
20260817210000,20260817210000_etapa66_csat_dispatch_cron.sql,yes,yes,etapa66_csat_dispatch_cron,B1,KEEP,MED,yes,agent,20260817210000	20260817210000_etapa66_csat_dispatch_cron.sql	B1	KEEP - version >= 20260817000000 (recent migration)	yes	
20260817210001,20260817210001_lid_resolve_contacts_batch.sql,yes,yes,lid_resolve_contacts_batch,B1,KEEP,MED,yes,agent,20260817210001	20260817210001_lid_resolve_contacts_batch.sql	B1	KEEP - version >= 20260817000000 (recent migration)	yes	
20260817220000,20260817220000_followup_complete_rpc_status_check.sql,yes,yes,followup_complete_rpc_status_check,B1,KEEP,MED,yes,agent,20260817220000	20260817220000_followup_complete_rpc_status_check.sql	B1	KEEP - version >= 20260817000000 (recent migrati
20260817220001,20260817220001_etapa66_fn_capture_csat_replies.sql,yes,yes,etapa66_fn_capture_csat_replies,B1,KEEP,MED,yes,agent,20260817220001	20260817220001_etapa66_fn_capture_csat_replies.sql	B1	KEEP - version >= 20260817000000 (recent migration)
20260817230000,20260817230000_etapa66_latest_analysis_rpc.sql,yes,yes,etapa66_latest_analysis_rpc,B1,KEEP,MED,yes,agent,20260817230000	20260817230000_etapa66_latest_analysis_rpc.sql	B1	KEEP - version >= 20260817000000 (recent migration)	yes
20260817240000,20260817240000_etapa65_scheduled_messages_rls.sql,yes,yes,etapa65_scheduled_messages_rls (canario RLS pulado: SET LOCA,B1,KEEP,MED,yes,agent,20260817240000	20260817240000_etapa65_scheduled_messages_rls.sql	B1	KEEP - version >= 20260817000000 (recent migration)	
20260817250000,20260817250000_etapa65_scheduled_dispatch_cron.sql,yes,yes,etapa65_scheduled_dispatch_cron,B1,KEEP,MED,yes,agent,20260817250000	20260817250000_etapa65_scheduled_dispatch_cron.sql	B1	KEEP - version >= 20260817000000 (recent migration)
20260817260001,20260817260001_fix_cron_206_monitor_ingestion_persistence_gap_versionar.sql,yes,yes,fix_cron_206_monitor_ingestion_persistence_gap_versionar,B1,KEEP,MED,yes,agent,20260817260001	20260817260001_fix_cron_206_monitor_ingestion_persistence_gap_versionar.sql	B1	KEEP - version >= 20260817
20260817260002,20260817260002_fix_cron_334_backfill_contact_id_guard.sql,yes,yes,fix_cron_334_backfill_contact_id_guard,B1,KEEP,MED,yes,agent,20260817260002	20260817260002_fix_cron_334_backfill_contact_id_guard.sql	B1	KEEP - version >= 20260817000000 (recent mig
20260817260003,20260817260003_fix_cron_311_wal_slot_lag_alert.sql,yes,yes,fix_cron_311_wal_slot_lag_alert,B1,KEEP,MED,yes,agent,20260817260003	20260817260003_fix_cron_311_wal_slot_lag_alert.sql	B1	KEEP - version >= 20260817000000 (recent migration)
20260817260004,20260817260004_fix_cron_84_notify_critical_alerts_v8.sql,yes,yes,fix_cron_84_notify_critical_alerts_v8,B1,KEEP,MED,yes,agent,20260817260004	20260817260004_fix_cron_84_notify_critical_alerts_v8.sql	B1	KEEP - version >= 20260817000000 (recent migr
20260817260010,20260817260010_google_calendar_config.sql,yes,yes,google_calendar_config,B1,KEEP,MED,yes,agent,20260817260010	20260817260010_google_calendar_config.sql	B1	KEEP - version >= 20260817000000 (recent migration)	yes	3	9	
20260817260011,20260817260011_n8n_config_contract.sql,yes,yes,n8n_config_contract,B1,KEEP,MED,yes,agent,20260817260011	20260817260011_n8n_config_contract.sql	B1	KEEP - version >= 20260817000000 (recent migration)	yes	6	27	au
20260817260012,20260817260012_voip_profile_credentials.sql,yes,yes,voip_profile_credentials,B1,KEEP,MED,yes,agent,20260817260012	20260817260012_voip_profile_credentials.sql	B1	KEEP - version >= 20260817000000 (recent migration)	yes	6	
20260817260013,20260817260013_zapp_emails_table_rls.sql,yes,yes,zapp_emails_table_rls,B1,KEEP,MED,yes,agent,20260817260013	20260817260013_zapp_emails_table_rls.sql	B1	KEEP - version >= 20260817000000 (recent migration)	yes	8	20	
20260817260014,20260817260014_auto_export_jobs.sql,yes,yes,auto_export_jobs (canario invalido pulado: SET LOCAL com exp,B1,KEEP,MED,yes,agent,20260817260014	20260817260014_auto_export_jobs.sql	B1	KEEP - version >= 20260817000000 (recent migration)	yes	7	21	auto_
20260817260015,20260817260015_sentry_config.sql,yes,yes,sentry_config (canario invalido pulado: SET LOCAL com expres,B1,KEEP,MED,yes,agent,20260817260015	20260817260015_sentry_config.sql	B1	KEEP - version >= 20260817000000 (recent migration)	yes	4	10	sentry_c
20260817260016,20260817260016_team_chat_rls_membership_admin_delete.sql,yes,yes,team_chat_rls_membership_admin_delete (canario invalido pula,B1,KEEP,MED,yes,agent,20260817260016	20260817260016_team_chat_rls_membership_admin_delete.sql	B1	KEEP - version >= 20260817000000 (recent migr
20260817270000,20260817270000_etapa66_crm_sync_config.sql,yes,yes,etapa66_crm_sync_config,B1,KEEP,MED,yes,agent,20260817270000	20260817270000_etapa66_crm_sync_config.sql	B1	KEEP - version >= 20260817000000 (recent migration)	yes	5	1
20260817270001,20260817270001_fix_cron_27_reconcile_dispatch_lote_janela.sql,yes,yes,fix_cron_27_reconcile_dispatch_lote_janela,B1,KEEP,MED,yes,agent,20260817270001	20260817270001_fix_cron_27_reconcile_dispatch_lote_janela.sql	B1	KEEP - version >= 20260817000000 (recent
20260817280000,20260817280000_etapa66_scheduled_reports.sql,yes,yes,etapa66_scheduled_reports (+ DROP view backcompat public.sch,B1,KEEP,MED,yes,agent,20260817280000	20260817280000_etapa66_scheduled_reports.sql	B1	KEEP - version >= 20260817000000 (recent migration)	yes	7
20260817290000,20260817290000_etapa66_fn_run_scheduled_reports.sql,yes,yes,etapa66_fn_run_scheduled_reports,B1,KEEP,MED,yes,agent,20260817290000	20260817290000_etapa66_fn_run_scheduled_reports.sql	yes	etapa66_fn_run_scheduled_reports	B1	Version >= 20
20260817300000,20260817300000_pg14_message_hourly_fdw_delta_rpc.sql,yes,yes,pg14_message_hourly_fdw_delta_rpc,B1,KEEP,MED,yes,agent,20260817300000	20260817300000_pg14_message_hourly_fdw_delta_rpc.sql	yes	pg14_message_hourly_fdw_delta_rpc	B1	Version >= 
20260818000000,20260818000000_etapa65_scheduled_messages_contrato.sql,yes,yes,etapa65_scheduled_messages_contrato,B1,KEEP,MED,yes,agent,20260818000000	20260818000000_etapa65_scheduled_messages_contrato.sql	yes	etapa65_scheduled_messages_contrato	B1	Version
20260818010000,20260818010000_fix_febesync_baseline.sql,yes,yes,fix_febesync_baseline,B1,KEEP,MED,yes,agent,20260818010000	20260818010000_fix_febesync_baseline.sql	yes	fix_febesync_baseline	B1	Version >= 20260817000000; has db_r
20260818100000,20260818100000_etapa38_media_queue_stalled_alert_retry_purge.sql,yes,yes,etapa38_media_queue_stalled_alert_retry_purge,B1,KEEP,MED,yes,agent,20260818100000	20260818100000_etapa38_media_queue_stalled_alert_retry_purge.sql	yes	etapa38_media_queue_stalled_alert_re
20260818120000,20260818120000_fix_ambiguous_out_cols_contact_summary_avatar.sql,yes,yes,fix_ambiguous_out_cols_contact_summary_avatar,B1,KEEP,MED,yes,agent,20260818120000	20260818120000_fix_ambiguous_out_cols_contact_summary_avatar.sql	yes	fix_ambiguous_out_cols_contact_summa
20260818120001,20260818120001_regularize_public_ingest_ledger_view.sql,yes,yes,regularize_public_ingest_ledger_view,B1,KEEP,MED,yes,agent,20260818120001	20260818120001_regularize_public_ingest_ledger_view.sql	yes	regularize_public_ingest_ledger_view	B1	Versi
20260818130000,20260818130000_drop_orphan_can_see_pii.sql,yes,yes,drop_orphan_can_see_pii,B1,KEEP,MED,yes,agent,20260818130000	20260818130000_drop_orphan_can_see_pii.sql	yes	drop_orphan_can_see_pii	B1	Version >= 20260817000000; has 
20260818130001,20260818130001_realtime_password_reset_requests.sql,yes,yes,realtime_password_reset_requests,B1,KEEP,MED,yes,agent,20260818130001	20260818130001_realtime_password_reset_requests.sql	yes	realtime_password_reset_requests	B1	Version >= 20
20260818140000,20260818140000_etapa57_invite_user.sql,yes,yes,sentinel-teste-mensal (FT evo.fdw_evolution_message + cron 5,B1,KEEP,MED,yes,agent,20260818140000	20260818140000_etapa57_invite_user.sql	yes	sentinel-teste-mensal (FT evo.fdw_evolution_message + cron 5	B
20260818160000,,no,yes,,B5b,TOMBSTONE,LOW,,orfao,UPDATE (ja no live)
20260818170000,20260818170000_rls_hardening_batch.sql,yes,yes,rls_hardening_batch,B1,KEEP,MED,yes,agent,20260818170000	20260818170000_rls_hardening_batch.sql	yes	rls_hardening_batch	B1	Version >= 20260817000000; has db_recor
20260818180000,20260818180000_warroom_dismiss_rpc.sql,yes,yes,warroom_dismiss_rpc,B1,KEEP,MED,yes,agent,20260818180000	20260818180000_warroom_dismiss_rpc.sql	yes	warroom_dismiss_rpc	B1	Version >= 20260817000000; has db_recor
20260818190000,20260818190000_etapa67_gamification_atomic_xp.sql,yes,yes,gamification_atomic_xp,B1,KEEP,MED,yes,agent,20260818190000	20260818190000_etapa67_gamification_atomic_xp.sql	yes	gamification_atomic_xp	B1	Version >= 20260817000000
20260818190001,20260818190001_etapa67_sla_consolidacao_queries.sql,yes,yes,etapa67_sla_consolidacao_queries,B1,KEEP,MED,yes,agent,20260818190001	20260818190001_etapa67_sla_consolidacao_queries.sql	yes	etapa67_sla_consolidacao_queries	B1	Version >= 20
20260818190002,20260818190002_etapa70_gamification_xp_transactions.sql,yes,yes,etapa70_gamification_xp_transactions,B1,KEEP,MED,yes,agent,20260818190002	20260818190002_etapa70_gamification_xp_transactions.sql	yes	etapa70_gamification_xp_transactions	B1	Versi
20260818190003,20260818190003_invite_user_rpc.sql,yes,yes,invite_user_rpc,B1,KEEP,MED,yes,agent,20260818190003	20260818190003_invite_user_rpc.sql	yes	invite_user_rpc	B1	Version >= 20260817000000; has db_record; 2/2 o
20260818200000,20260818200000_warroom_dismiss_rpc_fix.sql,yes,yes,warroom_dismiss_rpc_fix,B1,KEEP,MED,yes,agent,20260818200000	20260818200000_warroom_dismiss_rpc_fix.sql	yes	warroom_dismiss_rpc_fix	B1	Version >= 20260817000000; has 
20260818210000,20260818210000_privatize_media_buckets.sql,yes,yes,privatize_media_buckets,B1,KEEP,MED,yes,agent,20260818210000	20260818210000_privatize_media_buckets.sql	yes	privatize_media_buckets	B1	Version >= 20260817000000; has 
20260818210002,20260818210002_etapa62_campanhas_rls_escrita.sql,yes,yes,etapa62_campanhas_rls_escrita,B1,KEEP,MED,yes,agent,20260818210002	20260818210002_etapa62_campanhas_rls_escrita.sql	yes	etapa62_campanhas_rls_escrita	B1	Version >= 20260817
20260818210100,20260818210100_fix_perf_companies_batch_index_alignment.sql,yes,yes,fix_perf_companies_batch_index_alignment,B1,KEEP,MED,yes,agent,20260818210100	20260818210100_fix_perf_companies_batch_index_alignment.sql	yes	fix_perf_companies_batch_index_alignment	
20260818210101,20260818210101_fix_realtime_publication_whisper_calls.sql,yes,yes,fix_realtime_publication_whisper_calls,B1,KEEP,MED,yes,agent,20260818210101	20260818210101_fix_realtime_publication_whisper_calls.sql	yes	fix_realtime_publication_whisper_calls	B1	V
20260818210102,20260818210102_fix_perf_rpc_list_messages_lite_or_generic.sql,yes,yes,fix_perf_rpc_list_messages_lite_or_generic,B1,KEEP,MED,yes,agent,20260818210102	20260818210102_fix_perf_rpc_list_messages_lite_or_generic.sql	yes	fix_perf_rpc_list_messages_lite_or_gene
20260818210103,20260818210103_capture_get_avatars_by_jids_batch_fixed.sql,yes,yes,capture_get_avatars_by_jids_batch_fixed,B1,KEEP,MED,yes,agent,20260818210103	20260818210103_capture_get_avatars_by_jids_batch_fixed.sql	B1	Version 20260818210103 >= 20260817000000 cu
20260818210104,20260818210104_capture_get_contact_360_by_phone.sql,yes,yes,capture_get_contact_360_by_phone,B1,KEEP,MED,yes,agent,20260818210104	20260818210104_capture_get_contact_360_by_phone.sql	B1	Version 20260818210104 >= 20260817000000; db_recor
20260818210105,20260818210105_fix_summary_batch_dedupe_ids.sql,yes,yes,fix_summary_batch_dedupe_ids,B1,KEEP,MED,yes,agent,20260818210105	20260818210105_fix_summary_batch_dedupe_ids.sql	B1	Version 20260818210105 >= 20260817000000; db_record=ye
20260818220000,20260818220000_zapp_notifications_dispatch_executor.sql,yes,yes,zapp_notifications_dispatch_executor,B1,KEEP,MED,yes,agent,20260818220000	20260818220000_zapp_notifications_dispatch_executor.sql	B1	Version 20260818220000 >= 20260817000000; db_r
20260818220002,20260818220002_etapa62_dedup_atomico_recipients.sql,yes,yes,etapa62_dedup_atomico_recipients,B1,KEEP,MED,yes,agent,20260818220002	20260818220002_etapa62_dedup_atomico_recipients.sql	B1	Version 20260818220002 >= 20260817000000; db_recor
20260818221000,20260818221000_fix_rls_whisper_tasks_insert.sql,yes,yes,fix_rls_whisper_tasks_insert,B1,KEEP,MED,yes,agent,20260818221000	20260818221000_fix_rls_whisper_tasks_insert.sql	B1	Version 20260818221000 >= 20260817000000; db_record=ye
20260818230000,20260818230000_etapa62_engine_ab_variantes.sql,yes,yes,etapa62_engine_ab_variantes,B1,KEEP,MED,yes,agent,20260818230000	20260818230000_etapa62_engine_ab_variantes.sql	B1	Version 20260818230000 >= 20260817000000; db_record=yes
20260818230100,20260818230100_debug_lid_helpers.sql,yes,yes,debug_lid_helpers,B1,KEEP,MED,yes,agent,20260818230100	20260818230100_debug_lid_helpers.sql	B1	Version 20260818230100 >= 20260817000000; db_record=yes; objects 
20260818235900,20260818235900_drop_unused_idempotency_key_constraint.sql,yes,yes,drop_unused_idempotency_key_constraint,B1,KEEP,MED,yes,agent,20260818235900	20260818235900_drop_unused_idempotency_key_constraint.sql	B1	Version 20260818235900 >= 20260817000000; db
20260818235901,20260818235901_fix_public_wrapper_fn_media_queue_health_check.sql,yes,yes,fix_public_wrapper_fn_media_queue_health_check,B1,KEEP,MED,yes,agent,20260818235901	20260818235901_fix_public_wrapper_fn_media_queue_health_check.sql	B1	Version 20260818235901 >= 2026081700
20260818235902,20260818235902_fix_rls_csat_surveys_update.sql,yes,yes,fix_rls_csat_surveys_update,B1,KEEP,MED,yes,agent,20260818235902	20260818235902_fix_rls_csat_surveys_update.sql	B1	Version 20260818235902 >= 20260817000000; db_record=yes
20260819000000,20260819000000_login_attempts_atomic_counter.sql,yes,yes,login_attempts_atomic_counter,B1,KEEP,MED,yes,agent,20260819000000	20260819000000_login_attempts_atomic_counter.sql	B1	Version 20260819000000 >= 20260817000000; db_record=y
20260819010000,20260819010000_rpc_sla_timeline_aggregate.sql,yes,yes,rpc_sla_timeline_aggregate,B1,KEEP,MED,yes,agent,20260819010000	20260819010000_rpc_sla_timeline_aggregate.sql	B1	Version 20260819010000 >= 20260817000000; db_record=yes;
20260819020000,20260819020000_login_attempts_table.sql,yes,yes,login_attempts_table,B1,KEEP,MED,yes,agent,20260819020000	20260819020000_login_attempts_table.sql	B1	Version 20260819020000 >= 20260817000000; db_record=yes; objec
20260819170000,20260819170000_align_app_notifications_autovacuum.sql,yes,yes,align_app_notifications_autovacuum,B1,KEEP,MED,yes,agent,20260819170000	20260819170000_align_app_notifications_autovacuum.sql	B1	Version 20260819170000 >= 20260817000000; db_rec
